product_id,book_title,genre,price,stock,published_year
1,Provide born.,Sci-Fi,4938.16,142,2018.0
2,Single collection use.,NA,4278.52,251,2020.0
3,Then popular.,Fiction ,3999.13,322,2023.0
4,New real office.,History,3634.28,332,2022.0
5,Western rather half.,Romance,2422.25,367,2020.0
6,Politics institution.,History,2931.08,330,2018.0
7,Play while car.,Romance,4475.53,370,2018.0
8,Without ago rate.,Sci-Fi,1650.78,425,2022.0
9,First threat whole.,Fiction ,3402.02,76,2022.0
10,Media office front.,Romance,1732.16,144,2020.0
11,Any human.,Fiction ,230.61,313,2019.0
12,Property order it soon.,NA,474.34,183,2021.0
13,Group wear.,Fiction ,3349.0,381,2021.0
14,Candidate listen would.,Sci-Fi,1280.56,416,2023.0
15,Effort police.,Romance,3669.55,372,2021.0
16,Our system.,Fiction ,2884.85,362,2021.0
17,Stuff operation.,History,550.96,325,2021.0
18,Purpose something.,NA,1900.8,238,2023.0
19,Sea bed herself street.,Sci-Fi,820.65,311,2020.0
20,Friend relationship media out.,Romance,1131.41,319,2021.0
21,My support rest.,Fiction,4691.05,211,2021.0
22,State else carry big.,Romance,4524.53,-11,2019.0
23,Street.,Romance,4704.13,24,2021.0
24,Health money.,Sci-Fi,4158.9,217,2020.0
25,From.,Fiction,4934.21,213,2020.0
26,Goal recently series.,History,2019.02,195,2023.0
27,Sound cost return.,Romance,4288.05,416,2023.0
28,White along reflect.,NA,333.61,112,2020.0
29,Whole style.,History,3100.1,259,2021.0
30,Cultural piece.,Fiction,1620.29,267,2023.0
31,Would child spend.,Fiction,840.69,90,2021.0
32,Talk surface.,NA,41.01,355,2022.0
33,Situation hard cost.,History,4219.34,297,2021.0
34,Agree worker.,Romance,4833.74,407,2021.0
35,Hand society industry.,Fiction ,4654.61,424,2035.0
36,Look guy oil small.,Sci-Fi,600.46,342,2019.0
37,Send sport.,NA,2951.35,143,2023.0
38,Entire he he reality.,History,3506.44,306,2020.0
39,Local argue many.,Fiction,193.75,107,2020.0
40,Else argue.,History,3472.27,324,2020.0
41,Better worry campaign.,NA,2188.22,11,2020.0
42,Employee.,Sci-Fi,437.72,168,2018.0
43,Stock agency week.,Romance,1881.17,360,2021.0
44,Piece how head.,Fiction ,1546.67,370,2023.0
45,Receive sport very.,NA,181.16,57,2020.0
46,Thank western.,Sci-Fi,4351.48,246,2018.0
47,Performance only technology.,Fiction,4155.43,12,2023.0
48,Letter big remember.,Fiction,3080.16,191,2021.0
49,Laugh again also general.,Fiction,3983.0,21,2021.0
50,Anything turn.,Fiction ,1162.88,151,2035.0
51,Follow say.,Romance,3800.03,342,2019.0
52,Response put.,Sci-Fi,3633.87,459,2022.0
53,Election scientist cost.,NA,2234.41,207,2023.0
54,Base agreement better.,History,2034.62,400,2021.0
55,Husband treatment drive.,Fiction ,26.28,132,2018.0
56,Message various feel.,Romance,1363.07,430,2021.0
57,Commercial across.,Sci-Fi,3772.21,191,2021.0
58,Hard spring fill.,Sci-Fi,420.51,275,2022.0
59,Six woman discussion Mrs.,History,1958.24,152,2018.0
60,Sport fact read.,Sci-Fi,1574.07,493,2022.0
61,Would must alone.,NA,4544.24,372,2019.0
62,If response especially.,Fiction ,2329.2,43,2021.0
63,Yourself alone.,NA,4431.44,20,2021.0
64,Want never.,Fiction,4492.97,431,2021.0
65,Deal something each.,Sci-Fi,2835.33,239,2018.0
66,Eat.,Fiction ,2822.12,451,2019.0
67,Among idea interview.,Fiction ,3151.9,161,2021.0
68,Authority dog.,History,3608.26,303,2018.0
69,Day ability.,Fiction ,2719.83,10,2021.0
70,Management final sit.,Sci-Fi,1892.77,331,2019.0
71,Friend several year.,History,4339.62,185,2035.0
72,Single consumer.,NA,377.22,323,2021.0
73,Some back.,Romance,3200.03,332,2020.0
74,South.,Fiction,2133.87,486,2022.0
75,Bank.,NA,662.21,240,2021.0
76,Street little.,NA,1522.87,303,2022.0
77,Pattern voice.,Fiction,1901.05,153,2022.0
78,Face shake.,NA,1985.54,403,2035.0
79,Billion series hotel piece.,Sci-Fi,1433.8,458,2023.0
80,Shoulder often.,Sci-Fi,2086.04,18,2035.0
81,Owner force member.,Sci-Fi,3642.33,22,2020.0
82,Dream.,Fiction,1974.72,15,2035.0
83,Guy price whose.,History,3270.83,376,2035.0
84,Usually.,NA,2117.46,403,2023.0
85,Certainly evidence discussion.,Fiction ,4375.32,115,2022.0
86,Along particularly.,History,496.43,174,2020.0
87,Stuff fire.,NA,3515.18,123,2021.0
88,Center book.,Fiction,1071.91,423,2018.0
89,Pick computer.,Fiction,2067.84,319,2020.0
90,Mother firm color.,Fiction,3628.0,138,2021.0
91,Into shoulder.,History,3194.89,290,2018.0
92,Painting century event.,NA,2012.13,448,2021.0
93,Short sort.,Sci-Fi,248.07,80,2018.0
94,Story attention.,History,9.48,174,2020.0
95,Figure.,History,3923.53,283,2021.0
96,Option article.,NA,2637.06,442,2019.0
97,Whom must.,Fiction ,1573.0,173,2020.0
30,Example student.,History,798.36,491,2021.0
99,Camera whole set.,History,3883.82,139,2023.0
100,Service collection phone.,NA,4954.74,370,2020.0
101,Certain threat.,History,2294.29,315,2020.0
102,Red.,Fiction,3661.07,224,2020.0
103,Discover performance seat.,Sci-Fi,590.8,172,2021.0
104,Deep result today law.,Fiction ,123.85,93,2021.0
105,Wide spend.,Romance,4645.6,377,2018.0
106,Coach eight.,Fiction ,3150.47,381,2020.0
107,Scene peace grow.,NA,4437.39,153,2021.0
108,Positive meet.,Fiction ,3195.11,55,2021.0
109,Mouth continue.,Fiction ,681.25,423,2023.0
110,Knowledge red.,Sci-Fi,1858.83,329,2018.0
111,Us ability under.,Fiction,2425.48,404,2021.0
112,Hear two and.,History,4052.6,103,2021.0
113,Contain woman race.,Romance,442.26,465,2019.0
114,Air teacher.,Fiction,3544.46,371,2019.0
115,Lay call social.,Fiction ,2167.27,310,2021.0
116,Issue thousand development.,Romance,3504.89,-12,2019.0
117,Study.,History,4021.06,113,2021.0
118,Key.,Fiction ,3071.28,103,2035.0
119,Tonight space political.,Sci-Fi,4923.24,87,2023.0
120,Air who reveal.,Sci-Fi,4135.62,-12,2023.0
121,The.,Romance,4237.69,177,2022.0
122,Relationship.,NA,2482.07,200,2021.0
123,Claim tree.,History,4606.07,401,2020.0
124,For return method.,Sci-Fi,2176.73,416,2021.0
125,Seem those.,Romance,4342.78,23,2018.0
126,Sit hear five.,Sci-Fi,2113.48,175,2021.0
127,Goal.,Romance,3437.94,211,2020.0
128,Black process reveal.,NA,2907.71,206,2020.0
129,Power large life.,NA,3522.78,439,2022.0
130,Pass participant cut.,NA,4465.42,474,2022.0
131,Ball away decide.,NA,1650.28,172,2018.0
132,Police energy.,NA,-3.0,-6,2022.0
133,Song institution.,Romance,445.85,272,2035.0
134,What easy camera pull.,NA,3429.04,77,2020.0
135,Officer right.,Sci-Fi,2451.53,367,2021.0
136,Main laugh sit military.,Sci-Fi,4598.84,223,2018.0
137,Item.,Fiction,2761.01,121,2035.0
138,Serious laugh strong.,History,3715.13,313,2019.0
139,Candidate back quite.,History,155.08,54,2021.0
140,Tax voice control.,Sci-Fi,3357.79,457,2035.0
141,Understand south with.,Sci-Fi,4444.93,196,2035.0
142,Main town.,NA,1896.12,90,2020.0
143,Break.,Sci-Fi,4866.47,58,2023.0
144,Protect but.,Fiction,4263.1,314,2023.0
145,Begin dark.,NA,1181.5,442,2019.0
146,Character.,Sci-Fi,1553.3,445,2023.0
147,Ten experience.,Fiction,3684.13,213,2018.0
148,Bank risk.,NA,1920.81,255,2019.0
149,Director oil.,NA,1677.63,498,2021.0
150,Choice other.,History,2867.01,256,2018.0
151,Industry yeah because.,NA,2363.31,283,2020.0
152,Out until act.,Fiction ,990.16,51,2035.0
153,Drug range.,Sci-Fi,1491.8,424,2021.0
154,Full rise.,NA,2234.84,223,2035.0
35,Employee happy operation.,History,2752.21,35,2019.0
156,Five.,Sci-Fi,19.76,206,2020.0
157,Raise cover.,Fiction,4509.43,55,2035.0
158,Whose yeah.,Fiction ,1976.27,242,2023.0
159,Develop current.,Fiction ,1572.62,359,2035.0
160,Morning control several.,Sci-Fi,1199.84,268,2021.0
161,Move each shoulder.,Romance,1760.46,375,2023.0
162,Democrat by.,Sci-Fi,406.46,384,2021.0
163,Specific company.,Sci-Fi,231.52,329,2035.0
164,Television why.,History,147.99,13,2023.0
165,Forget marriage responsibility.,Sci-Fi,2176.22,289,2019.0
166,Matter rise.,Sci-Fi,4830.02,496,2018.0
167,Consumer wonder.,History,3507.63,453,2023.0
168,Than join.,Sci-Fi,2830.37,102,2035.0
169,Teacher that.,Romance,1480.47,399,2021.0
170,Among catch current.,Fiction,27.71,313,2021.0
171,News sing.,Fiction ,1148.74,470,2021.0
172,Compare detail pattern.,Fiction,2352.06,344,2018.0
173,Consumer time.,Fiction,4142.61,478,2021.0
174,Skin day type.,History,-9.28,7,2021.0
175,Space clearly.,Sci-Fi,-82.39,167,2035.0
176,Tonight whether argue.,Fiction,16.53,127,2023.0
177,Especially.,Fiction ,862.83,365,2021.0
178,Charge relate measure.,Romance,4483.69,83,2018.0
179,Foot all.,Sci-Fi,2706.82,317,2022.0
180,Strategy couple member.,NA,39.3,133,2019.0
181,Us admit act individual.,Sci-Fi,4351.65,54,2020.0
182,For better rule.,NA,2033.13,65,2018.0
183,Economy whether.,Sci-Fi,3257.36,304,2019.0
184,Explain study.,NA,1285.3,98,2022.0
185,Economy hear.,NA,3624.75,183,2021.0
186,Market address avoid.,NA,361.64,174,2021.0
187,Next low.,History,4605.4,356,2021.0
188,Cause fast sing.,Romance,323.29,279,2035.0
189,Industry little.,History,4445.43,294,2021.0
190,Not political true.,Romance,2279.89,131,2023.0
191,Teacher vote.,Sci-Fi,1248.43,363,2023.0
192,Father space.,Sci-Fi,1433.93,500,2018.0
193,Effect interest television.,History,2642.65,129,2035.0
194,Seven choose stand.,Romance,3421.79,395,2023.0
195,Mr nor mention interesting.,NA,1421.25,472,2023.0
196,Bill wind.,Fiction ,3060.81,66,2020.0
197,Red those woman.,History,3806.83,278,2021.0
198,Several white.,History,4036.27,184,2035.0
199,Social size sing.,NA,401.82,445,2021.0
200,Though within bag.,NA,4722.26,222,2022.0
201,Condition great position.,Fiction,4215.08,337,2035.0
202,Truth month mention night.,Sci-Fi,2777.64,345,2023.0
203,Effect worker.,Fiction,3100.34,473,2019.0
204,Put smile federal.,Sci-Fi,821.85,300,2022.0
205,Forward.,History,3526.7,110,2035.0
206,Statement.,NA,105.5,16,2018.0
207,Spend.,NA,4470.61,352,2022.0
208,Particularly watch.,Fiction,1218.11,376,2021.0
209,Election energy.,NA,1357.59,97,2035.0
210,Republican third particularly spring.,NA,1015.58,-16,2035.0
211,Network.,Sci-Fi,1167.04,458,2022.0
212,Center exist person.,Sci-Fi,2414.47,322,2023.0
213,Perhaps loss picture.,NA,4532.97,205,2035.0
214,Clearly see.,Fiction ,2130.96,44,2020.0
215,Line tell.,Sci-Fi,4272.83,117,2021.0
216,Statement present nothing.,History,1942.2,-5,2021.0
217,Hit decision huge.,Sci-Fi,1843.53,71,2021.0
218,Board agreement green.,NA,4558.82,412,2020.0
219,Sign improve sort.,NA,333.55,-15,2022.0
220,Operation include.,Sci-Fi,3902.27,102,2035.0
221,Current.,NA,3298.5,98,2020.0
222,Ten would successful west.,Romance,3237.23,428,2019.0
223,Black task do.,Romance,837.3,310,2019.0
224,Kitchen really yet.,Sci-Fi,3647.13,427,2019.0
225,Yet to fact.,Sci-Fi,925.65,15,2019.0
226,General fly.,Sci-Fi,2345.87,-18,2022.0
227,I stage idea.,Romance,3238.27,220,2035.0
228,Return American.,History,2882.61,394,2035.0
229,Recognize late.,Romance,4040.7,340,2035.0
230,Kind commercial professional.,Sci-Fi,2797.22,121,2035.0
231,Interest also.,History,3588.79,499,2020.0
232,Someone institution.,Fiction ,492.5,286,2035.0
233,Plant subject.,Sci-Fi,2065.6,245,2018.0
234,Senior guy black.,Fiction,530.7,259,2022.0
235,Our economy.,NA,3318.49,420,2021.0
236,Write.,NA,2765.99,90,2020.0
237,Some number too.,NA,4986.79,136,2019.0
238,Change difference.,Romance,3546.7,360,2023.0
239,Hold list.,Sci-Fi,2486.6,141,2023.0
240,Last moment although health.,NA,1659.89,364,2035.0
241,What.,Sci-Fi,2434.56,451,2021.0
242,Professor window affect.,Sci-Fi,3631.04,321,2021.0
243,Someone kid.,Sci-Fi,3102.58,403,2022.0
244,Soon.,Romance,4407.6,242,2018.0
245,Each.,NA,894.03,220,2021.0
246,Stuff too play.,Sci-Fi,806.14,-15,2023.0
247,Congress another if.,NA,695.33,321,2021.0
248,Structure high.,Fiction ,748.82,416,2023.0
249,Trip fill.,Sci-Fi,-56.46,201,2021.0
250,Name detail.,Fiction,1911.64,170,2018.0
251,Vote various.,Fiction ,3921.63,395,2020.0
252,Contain section air believe.,Fiction ,3034.24,484,2022.0
253,Audience hospital.,NA,2638.9,150,2035.0
254,Science take must.,Sci-Fi,1690.84,326,2022.0
255,Draw watch finally.,History,3181.87,189,2018.0
256,Political be really.,Fiction,2323.19,316,2023.0
257,Ok east better.,Sci-Fi,4410.7,398,2020.0
258,Through me.,Fiction,773.39,346,2018.0
259,Happen pass.,Fiction,2949.97,266,2020.0
260,Head fact.,Sci-Fi,95.78,396,2021.0
261,Positive visit.,NA,4493.51,274,2019.0
262,Story charge high.,NA,1459.04,382,2035.0
263,Meet door risk.,Romance,4584.9,240,2020.0
264,Government page.,Fiction,2642.73,198,2019.0
265,Anyone party sense.,Fiction,1361.16,179,2021.0
266,Heavy spend water.,Fiction,257.69,17,2022.0
267,Real feel.,Sci-Fi,2519.82,293,2020.0
268,Thousand early.,Fiction,573.09,11,2021.0
269,Hope dream.,Fiction ,1606.86,259,2021.0
270,Even interest.,Sci-Fi,4479.33,497,2019.0
271,Those short weight.,Sci-Fi,2051.02,169,2023.0
272,Public rise.,Sci-Fi,313.91,85,2020.0
273,Ok.,NA,2386.06,358,2022.0
274,Five behind join.,Fiction ,2016.26,-1,2020.0
275,Rule movie huge.,NA,2725.27,184,2021.0
276,Become here pass.,NA,2785.62,252,2018.0
277,Above employee system coach.,Sci-Fi,351.95,421,2018.0
278,List even community.,Romance,4721.35,355,2035.0
279,Effect series power.,Romance,80.33,41,2021.0
280,There society strong.,Fiction ,3421.74,-14,2022.0
281,Source next successful future.,Sci-Fi,2544.02,455,2019.0
282,Girl focus that.,Sci-Fi,2722.1,349,2018.0
283,Mouth maintain.,Sci-Fi,3081.35,233,2021.0
284,Including instead hope always.,Romance,3788.5,298,2020.0
285,Organization note red.,Sci-Fi,4436.16,17,2018.0
286,Trade pretty.,Romance,124.85,149,2023.0
287,Pass.,Sci-Fi,1328.64,351,2020.0
288,City cost.,Fiction,2481.5,132,2019.0
289,Learn money who.,Fiction ,4175.79,40,2035.0
290,Role bar owner.,Fiction,3326.76,428,2021.0
291,Range prevent mind.,Sci-Fi,4910.46,114,2023.0
292,Town bed.,Sci-Fi,3565.53,231,2019.0
293,Western stand.,History,1763.22,479,2020.0
294,Relationship pretty vote.,NA,3968.05,240,2035.0
295,Decade modern behavior.,History,1253.57,30,2021.0
296,Year cost.,Sci-Fi,2655.05,49,2022.0
297,Difference group begin.,NA,4788.43,402,2035.0
298,Protect opportunity consider return.,NA,2077.82,247,2021.0
299,Change sing cell.,NA,4861.95,215,2021.0
300,Check would middle.,NA,1687.06,472,2021.0
301,Mean glass simply north.,Fiction,3870.76,-19,2023.0
302,Sign serious.,Fiction,1451.22,393,2021.0
303,Late including project.,NA,3812.27,409,2020.0
304,Those success.,Romance,1131.49,400,2019.0
305,When live me marriage.,History,783.95,248,2020.0
306,Marriage family.,NA,939.67,-1,2019.0
307,Prepare sure meet.,Romance,3732.48,175,2023.0
308,Rule likely north.,NA,4887.18,432,2023.0
309,While try side.,NA,1674.25,321,2018.0
310,All after difference series.,NA,3654.96,191,2022.0
311,Near attention color.,Fiction,2940.21,13,2019.0
312,Indicate per large.,History,2081.33,403,2019.0
313,Day charge.,History,-32.64,179,2019.0
314,End again stay.,Sci-Fi,2109.42,232,2023.0
315,Customer.,Sci-Fi,1947.57,85,2021.0
316,Kitchen five.,Fiction ,-0.57,28,2021.0
317,Walk buy.,Fiction ,1432.55,33,2021.0
318,Respond woman board.,Sci-Fi,4960.49,31,2020.0
319,Wind security.,NA,1954.53,397,2023.0
320,Fly expect ability.,Fiction ,4673.24,476,2023.0
321,Style long.,History,4500.62,384,2020.0
322,He.,Fiction ,4652.49,328,2022.0
323,Interest west.,Fiction,108.28,167,2021.0
324,Common energy.,History,3113.59,47,2022.0
325,Senior issue as.,Fiction ,4937.37,72,2019.0
326,General his good.,NA,1220.01,168,2021.0
327,Shake weight pretty.,NA,4900.92,272,2035.0
328,Difference Republican last they.,Fiction ,2076.01,414,2021.0
329,Hit crime.,Sci-Fi,252.99,268,2019.0
330,Reduce.,Fiction ,381.07,405,2021.0
331,Total consider easy.,Sci-Fi,3512.29,119,2021.0
332,Matter travel develop.,History,3912.0,90,2021.0
333,Important if recently.,NA,1154.6,321,2021.0
334,News.,History,3483.1,186,2023.0
335,Wrong four.,Sci-Fi,3717.73,146,2022.0
36,Loss key piece among.,NA,750.76,95,2022.0
337,Difference lose.,NA,4378.35,432,2018.0
338,True check.,Fiction ,2762.02,326,2018.0
339,Kitchen ready.,NA,1976.16,482,2020.0
340,Their enjoy capital.,NA,3297.55,30,2018.0
341,End beautiful turn.,History,4859.34,252,2019.0
342,Page natural table.,Fiction,735.3,457,2023.0
343,At quite.,Fiction,4916.41,261,2018.0
344,Bank back sometimes.,Fiction,1238.14,460,2022.0
345,Home try hold.,Sci-Fi,3042.01,377,2021.0
346,Hundred follow.,NA,687.04,306,2018.0
347,Administration modern moment.,Fiction,4019.82,362,2022.0
348,Activity close nor.,NA,4749.71,338,2022.0
349,List.,Sci-Fi,3893.94,489,2035.0
350,Mention heart control.,Fiction ,1199.76,476,2023.0
351,Want degree machine.,Sci-Fi,2699.55,152,2022.0
352,Feel.,Sci-Fi,3237.79,102,2021.0
353,Section discussion.,Romance,1630.19,454,2018.0
354,Cause.,Romance,1478.05,389,2022.0
355,Fund sing news.,Romance,1807.08,239,2020.0
356,Protect third best.,Fiction ,2738.06,443,2019.0
357,Visit bill not.,NA,4775.67,51,2021.0
358,Return third.,Fiction,716.35,-14,2022.0
359,Society race owner.,Sci-Fi,-76.64,120,2021.0
360,Out until fight someone.,NA,3483.95,191,2021.0
361,Learn long.,NA,4818.38,184,2023.0
362,Institution mission develop.,NA,1599.44,292,2020.0
363,Seek poor.,NA,1593.86,34,2022.0
364,Large low.,History,2525.06,287,2021.0
365,Cup movie.,Fiction ,3425.4,437,2020.0
366,Half form read sit.,Fiction,4491.91,74,2022.0
367,Dark writer.,NA,4923.89,444,2021.0
368,Need ready individual.,Sci-Fi,4052.98,175,2021.0
369,Public financial food well.,Fiction,3356.48,497,2020.0
370,Street within quality.,Fiction ,845.5,183,2018.0
371,Ahead accept real.,Romance,4335.25,119,2035.0
372,Others.,Romance,1622.33,403,2021.0
373,Its.,Sci-Fi,2363.06,180,2022.0
374,Station only ever.,History,526.02,460,2020.0
375,Risk effort.,Fiction,3357.62,236,2021.0
376,Catch out audience.,NA,3194.52,126,2020.0
377,Station during sense.,Romance,1872.07,371,2022.0
378,Ability simply administration.,NA,-0.5,294,2018.0
379,Financial next.,NA,2900.01,24,2021.0
380,Instead idea.,NA,1849.94,223,2021.0
381,Almost story.,Sci-Fi,424.73,147,2020.0
382,West eye contain.,NA,3500.33,413,2019.0
383,Explain member speak.,Fiction,2362.77,-3,2020.0
384,Return water each.,History,2707.0,217,2021.0
385,Near.,Fiction ,3701.81,187,2022.0
386,Might avoid itself.,Sci-Fi,3746.82,116,2018.0
387,High deal.,NA,542.58,365,2021.0
388,Response reason health.,Fiction ,873.09,396,2018.0
389,Security state.,NA,2255.23,284,2035.0
390,Around.,NA,670.73,425,2019.0
391,Rock.,Fiction,1940.44,359,2020.0
392,Man left.,NA,2713.6,262,2023.0
393,Month realize though.,Sci-Fi,-12.59,107,2021.0
394,Remember daughter speak.,NA,4091.33,161,2023.0
395,Education physical.,NA,4113.26,102,2018.0
396,Call certain ago.,History,2665.48,121,2018.0
397,Give certain.,Sci-Fi,2492.06,86,2035.0
398,Project must.,Fiction ,1522.06,159,2022.0
399,The attorney.,Romance,2624.94,111,2022.0
400,Process nature.,Romance,4660.25,75,2035.0
401,Commercial make worry.,Sci-Fi,4560.23,248,2018.0
402,Stage agree.,Fiction,3448.3,368,2019.0
403,Yard remember away.,Romance,470.91,411,2020.0
404,Food strategy view.,Sci-Fi,1251.99,495,2022.0
405,Size police.,Romance,4728.63,42,2019.0
406,Skill fine.,Sci-Fi,4052.19,-4,2020.0
407,Line herself.,Romance,765.96,11,2019.0
408,Moment lot.,Romance,4455.7,279,2023.0
409,East experience.,Sci-Fi,4459.2,220,2035.0
410,Beat adult.,Sci-Fi,588.9,345,2021.0
411,Stage experience.,History,4077.0,325,2035.0
412,Apply skin decade.,Sci-Fi,4693.33,408,2020.0
413,Argue.,Sci-Fi,815.03,447,2022.0
414,Grow.,Sci-Fi,4505.01,6,2018.0
415,Describe help member after.,Romance,4002.54,383,2018.0
416,Dog talk.,Romance,2311.22,113,2020.0
417,Nearly under.,Sci-Fi,981.05,86,2019.0
418,Chair cultural.,Sci-Fi,1431.53,46,2021.0
419,Third.,Sci-Fi,2802.72,368,2019.0
420,Ball remain watch.,Fiction ,193.9,338,2023.0
421,Act research.,Sci-Fi,1920.57,379,2021.0
422,We.,NA,4953.28,225,2022.0
423,Fall spring.,NA,4107.72,142,2022.0
424,Seat free the.,History,1773.39,267,2022.0
425,Another term.,NA,3895.69,146,2020.0
426,Scene road blood well.,Sci-Fi,1452.68,35,2035.0
427,Capital sister test.,Fiction ,2694.58,153,2035.0
428,Hair.,Fiction,398.55,112,2023.0
429,Way plant tree.,NA,3512.01,482,2021.0
430,Kind.,Sci-Fi,3041.81,237,2019.0
431,Personal black capital.,NA,4529.76,193,2021.0
26,Security compare surface.,Fiction ,588.18,383,2020.0
433,Reason store.,Sci-Fi,4364.55,286,2021.0
434,Arm little view good.,Sci-Fi,4767.14,128,2021.0
435,Hour effort.,History,2925.15,131,2020.0
436,Care read would.,Sci-Fi,4152.39,320,2020.0
437,Arm when.,History,2893.72,273,2019.0
438,Try very.,NA,-12.02,112,2018.0
439,Million probably hope.,History,4872.52,94,2021.0
440,Change for south.,Sci-Fi,98.37,350,2023.0
441,Still buy low.,Romance,2784.88,332,2035.0
442,Meeting less fast book.,Sci-Fi,1480.41,384,2023.0
443,Political data trial discover.,NA,2428.11,338,2018.0
444,Large gun.,Sci-Fi,374.74,-9,2023.0
445,Toward blue.,Sci-Fi,1556.16,98,2021.0
446,Night many your.,Romance,1952.35,175,2019.0
447,Worker per.,NA,1072.48,431,2021.0
448,Its door.,Romance,3207.53,69,2022.0
449,Which while rich.,Sci-Fi,2648.22,16,2021.0
450,Foot may.,Sci-Fi,2971.76,281,2021.0
451,Eight central however.,NA,3587.0,155,2021.0
452,Subject wife.,Fiction,73.49,115,2023.0
453,When amount his.,NA,2719.04,338,2035.0
454,Determine single mention.,NA,3078.78,466,2022.0
455,Blue they large.,Sci-Fi,1881.93,265,2022.0
456,Result huge.,Fiction ,2650.64,392,2022.0
457,Dark our condition.,History,2968.44,250,2019.0
458,Choose some.,NA,1359.14,49,2021.0
459,Offer structure sometimes.,History,4206.16,428,2019.0
460,House feeling television.,Sci-Fi,4414.5,0,2021.0
461,Treatment contain stuff.,Fiction,3352.2,75,2018.0
462,Chair interesting sea.,NA,1040.84,461,2023.0
463,Range body.,History,4623.99,355,2018.0
464,Oil less statement.,Fiction ,2886.21,-9,2020.0
465,Hand administration test.,NA,1826.94,374,2021.0
466,Add answer board.,Fiction,2791.56,27,2022.0
467,Stop hair.,History,4087.93,103,2021.0
468,Thing including eye.,NA,3760.23,408,2021.0
469,Billion food account.,Sci-Fi,1378.12,309,2020.0
470,There responsibility.,Fiction,2410.85,54,2022.0
471,Short know community.,Sci-Fi,4461.65,5,2021.0
472,Because worry especially.,History,4220.06,234,2021.0
473,Matter story.,Sci-Fi,1996.35,389,2035.0
474,Pm commercial.,History,240.9,103,2022.0
475,Public letter admit.,Romance,1101.05,213,2021.0
476,Reflect short nothing.,Sci-Fi,486.71,63,2020.0
477,Player ability receive.,Fiction ,4866.46,342,2035.0
478,New level thousand.,Fiction ,848.94,101,2021.0
479,Information couple.,NA,1751.45,260,2023.0
480,Dinner career.,Sci-Fi,3618.3,252,2022.0
481,Perform if.,Romance,3242.38,396,2021.0
482,Cold friend play.,Fiction,162.03,262,2023.0
483,Minute.,Sci-Fi,14.84,45,2021.0
484,Prevent able financial.,Fiction,795.91,97,2021.0
485,Second sign arrive stuff.,Sci-Fi,2053.19,404,2022.0
486,Admit tend bill.,Sci-Fi,1570.74,484,2023.0
487,Worry maintain speech.,History,726.51,126,2021.0
488,Detail explain whether fact.,Fiction,1481.96,420,2020.0
489,Should impact almost community.,Sci-Fi,4123.23,264,2021.0
490,Machine music hundred.,NA,4434.33,264,2021.0
491,Involve open factor.,History,4247.85,454,2019.0
492,The.,Sci-Fi,2945.1,338,2018.0
493,Loss spend wear.,Sci-Fi,2908.74,328,2021.0
494,Within.,Sci-Fi,3591.37,467,2020.0
495,Clearly avoid example be.,NA,3081.54,442,2022.0
496,Interview decision itself through.,Fiction ,2463.02,129,2019.0
497,Rich training I fine.,Sci-Fi,451.43,12,2035.0
498,International Congress.,NA,1138.63,280,2021.0
499,Finally.,Sci-Fi,4482.63,202,2023.0
500,Leader else part hold.,History,2697.22,362,2035.0
501,Choose so.,Fiction,500.97,267,2021.0
502,Heavy such product.,Sci-Fi,1614.45,272,2021.0
503,Against hair.,Fiction,1524.68,427,2019.0
504,Kid whose truth.,Sci-Fi,2894.55,44,2023.0
505,Meet.,Sci-Fi,1012.87,67,2021.0
506,Soldier know.,Sci-Fi,2591.51,1,2021.0
507,School most.,Fiction,4746.68,49,2023.0
508,Shoulder pull anyone thing.,Fiction ,242.21,-13,2021.0
509,Defense ten reduce establish.,NA,76.57,350,2022.0
510,Themselves gun may.,Fiction,3771.15,28,2021.0
23,Thing religious from.,Sci-Fi,2153.39,434,2035.0
512,Board produce.,NA,3037.7,162,2021.0
513,May read.,Sci-Fi,1544.78,399,2018.0
514,Gas yard responsibility.,Sci-Fi,2097.76,168,2022.0
515,Become fund manage.,Fiction ,2898.48,471,2022.0
516,Wish create per.,Sci-Fi,2122.17,158,2018.0
517,Resource what.,Fiction,980.2,294,2018.0
518,Consumer community.,Fiction ,1443.51,251,2018.0
519,Future analysis.,Fiction,1986.53,344,2018.0
520,Action recently.,Sci-Fi,2503.31,174,2023.0
521,Born adult.,Romance,2931.33,116,2023.0
522,Theory help.,Sci-Fi,3550.42,441,2019.0
523,First yet model thus.,Sci-Fi,3457.14,127,2022.0
524,Knowledge imagine nothing.,Sci-Fi,4068.1,355,2023.0
525,Floor management buy.,Romance,3642.79,275,2035.0
526,List field animal truth.,Fiction ,3308.9,422,2020.0
527,Letter rise.,NA,4571.12,233,2022.0
528,Able.,Sci-Fi,2481.21,223,2022.0
529,Successful know.,Fiction ,2557.72,84,2018.0
530,Issue.,Romance,3110.89,292,2023.0
531,Best want.,Romance,1626.94,443,2035.0
532,While free.,History,3526.03,242,2018.0
533,Particularly individual campaign.,NA,1620.29,158,2021.0
534,Right close particular.,Sci-Fi,2999.08,212,2018.0
535,Myself family strong from.,NA,4854.94,361,2021.0
536,Trial.,Sci-Fi,4503.0,122,2018.0
537,Might race investment.,Fiction ,3593.34,216,2021.0
538,Show enough boy.,History,3587.54,390,2035.0
539,Entire institution maintain cultural.,Sci-Fi,2686.98,260,2018.0
540,Early business nothing.,Sci-Fi,3361.93,242,2018.0
541,Stop necessary security.,Fiction ,4704.37,364,2019.0
542,Wait rest.,NA,3359.2,16,2019.0
543,Coach.,Fiction ,3235.83,316,2021.0
544,Heart serious.,NA,3099.8,8,2022.0
545,Thank.,NA,4704.83,67,2018.0
546,Example top water.,NA,599.55,299,2019.0
547,Interesting cut lot.,Sci-Fi,746.78,367,2021.0
548,Sell work.,NA,3675.75,276,2018.0
549,Second amount civil.,Sci-Fi,3282.87,301,2023.0
550,Two leg military.,Romance,1453.87,333,2035.0
551,Ahead run.,NA,129.02,229,2020.0
552,However short yourself smile.,Romance,3704.67,153,2019.0
553,Garden truth strong.,Sci-Fi,4845.49,336,2023.0
554,Rather music stand.,Sci-Fi,4760.16,269,2021.0
555,Difficult wait.,Fiction ,4081.64,436,2018.0
556,Yes person put.,Sci-Fi,1266.55,414,2020.0
557,Chair culture friend almost.,History,1077.54,203,2022.0
558,Ten.,NA,3984.64,258,2022.0
559,Hotel eat.,NA,3983.29,302,2021.0
560,Five throw action.,Romance,2142.86,326,2023.0
561,Worry figure.,Fiction,4163.56,57,2023.0
562,Hold view floor company.,Sci-Fi,1189.11,16,2022.0
563,Evidence land member.,Sci-Fi,3090.94,332,2021.0
564,Current section good.,NA,4585.92,121,2019.0
565,Story mission.,Sci-Fi,63.71,45,2021.0
566,Trade long.,Fiction ,3420.01,105,2022.0
567,Travel speak true.,Fiction ,2226.55,-17,2022.0
568,Several star.,Sci-Fi,1294.2,36,2019.0
569,Girl admit yeah story.,Fiction,567.59,88,2035.0
570,Dog education despite.,Fiction,-82.45,44,2021.0
571,Meeting pay position laugh.,History,1085.27,12,2019.0
572,Board tend.,Fiction ,4634.84,385,2021.0
573,Sense main.,Fiction,3025.46,474,2035.0
574,Born throughout opportunity other.,NA,1125.61,450,2020.0
575,Let hard.,NA,1673.51,268,2021.0
576,Help fine eight.,Romance,63.12,46,2019.0
577,Entire against size.,History,609.89,6,2019.0
578,Fire determine.,NA,126.93,158,2021.0
579,Fill behavior.,Romance,1268.79,136,2022.0
580,My watch nothing.,Fiction ,2663.17,88,2023.0
581,Value television someone.,NA,2950.34,479,2021.0
582,View enjoy.,Sci-Fi,4259.37,323,2020.0
583,Foot society.,NA,1714.81,6,2023.0
584,Senior dinner worker step.,History,4796.15,466,2018.0
585,Finish member financial.,Fiction,3845.89,468,2021.0
586,Middle husband tree.,Sci-Fi,2824.24,412,2023.0
587,Forward player support growth.,Fiction,3136.62,163,2021.0
588,Recognize so artist structure.,NA,3543.15,376,2018.0
589,Form north character.,Sci-Fi,4495.35,149,2021.0
590,Authority trip.,Sci-Fi,3222.3,282,2019.0
591,Approach most way.,Sci-Fi,143.96,456,2035.0
592,Raise beyond.,NA,3752.22,206,2022.0
593,Answer bag.,Romance,4545.63,246,2022.0
594,Along buy resource.,Sci-Fi,1816.0,298,2021.0
595,End.,Sci-Fi,264.96,433,2021.0
596,Alone own.,History,3452.06,77,2021.0
597,Wide large impact.,Romance,2610.42,38,2020.0
598,Argue four blood.,NA,3269.98,203,2018.0
599,Career defense today.,Fiction,17.34,69,2023.0
600,Hot likely.,NA,4072.79,206,2021.0
601,Traditional wish hope.,Sci-Fi,2664.52,197,2019.0
602,Learn us many hold.,Sci-Fi,4896.49,371,2022.0
603,Require professor age.,Sci-Fi,3789.33,39,2035.0
604,Wind amount Democrat.,Sci-Fi,4340.45,63,2018.0
605,Personal when.,History,3642.56,195,2022.0
606,Somebody American ground.,Romance,4042.77,238,2023.0
607,Civil board authority perhaps.,Fiction ,2627.18,85,2021.0
608,Process must meeting.,NA,2981.21,43,2020.0
609,Good cut discussion.,Romance,203.04,300,2018.0
610,Give claim.,History,-34.07,362,2021.0
611,Boy even data.,History,3278.12,201,2023.0
612,Home wide weight.,Sci-Fi,332.58,-15,2021.0
613,Several trial.,Sci-Fi,3635.16,-1,2018.0
614,Religious leader.,Fiction ,4585.08,48,2023.0
615,Outside decide.,Sci-Fi,2669.56,427,2019.0
616,Now red likely write.,Sci-Fi,4271.49,276,2035.0
617,Loss common go.,History,3008.38,293,2021.0
618,Power single eat brother.,Fiction,663.36,27,2021.0
619,Grow force.,NA,198.18,345,2035.0
620,Study information.,Sci-Fi,2793.22,112,2022.0
621,Particular animal theory.,Sci-Fi,1648.09,411,2021.0
622,Also able still race.,Romance,3100.93,231,2019.0
623,My few any this.,NA,3544.9,292,2021.0
624,Level field.,History,3335.99,478,2019.0
625,Down at.,Fiction ,3859.37,207,2022.0
626,Expert such brother.,NA,765.88,273,2021.0
627,Successful nor.,Fiction,1665.83,374,2035.0
628,Oil treatment.,Romance,3560.58,185,2022.0
629,For difference affect.,NA,4090.54,410,2020.0
630,South produce song.,Fiction ,531.2,325,2021.0
631,Hand happen officer.,Sci-Fi,2851.36,286,2021.0
632,Goal right fast result.,NA,2394.97,404,2018.0
633,Offer.,NA,133.16,43,2022.0
634,Executive news.,History,1888.42,344,2020.0
635,Call ground throw.,NA,1851.87,9,2020.0
636,Part produce more.,Fiction ,1055.96,182,2020.0
637,Consumer high.,Fiction ,1108.38,399,2021.0
638,Over data.,Sci-Fi,3817.34,139,2022.0
639,Good better.,Fiction ,4034.03,176,2018.0
640,Far provide person.,History,1517.15,-1,2018.0
641,Always any interest.,Sci-Fi,106.73,387,2021.0
642,At.,Fiction ,2725.17,108,2035.0
643,Scene.,NA,2310.7,359,2035.0
644,Hard old leg believe.,Fiction ,1936.67,274,2018.0
645,Role state book human.,Sci-Fi,3360.04,149,2020.0
646,Only top century.,NA,444.55,162,2018.0
647,Own.,History,3372.92,171,2021.0
648,Why we half class.,Sci-Fi,4778.34,471,2021.0
649,Front foot stage.,Sci-Fi,2372.32,427,2021.0
650,Heavy foreign.,NA,4180.23,408,2035.0
651,Western return.,History,3518.65,264,2020.0
652,Education citizen feel.,Fiction ,3438.31,70,2019.0
653,Career none.,Sci-Fi,1588.3,448,2019.0
654,Spring character tough.,Fiction ,72.38,460,2021.0
655,Daughter bed mother.,Fiction,4378.22,374,2035.0
656,Forget plan begin.,Fiction ,4719.3,454,2021.0
657,Firm nation.,Fiction,4745.86,13,2018.0
658,Pretty prove part.,History,4522.02,22,2021.0
659,Wonder lawyer ok.,NA,2067.06,408,2021.0
660,Clear sense agent.,History,699.13,318,2021.0
661,International quickly help.,Sci-Fi,478.77,275,2021.0
662,Here practice popular.,Sci-Fi,733.92,440,2021.0
663,Only indicate.,Fiction ,1497.69,305,2020.0
664,Study imagine expect.,Fiction ,3609.96,448,2023.0
665,Call physical state thing.,Fiction,981.33,448,2023.0
666,Necessary.,NA,470.17,223,2035.0
667,Indicate shake about.,Sci-Fi,3559.84,434,2022.0
668,Red science.,Sci-Fi,2694.68,443,2023.0
669,Example realize evening.,History,1223.22,460,2018.0
670,Season relate.,Fiction,187.2,305,2021.0
671,Head.,Sci-Fi,883.74,298,2020.0
672,Son.,Fiction,-93.64,448,2035.0
673,Sure along wife.,Sci-Fi,3793.96,315,2019.0
674,Serve born back.,Fiction,1740.1,216,2021.0
675,Agency writer.,Fiction,4792.26,369,2023.0
676,View imagine.,Sci-Fi,-52.15,234,2018.0
677,Take school car society.,Fiction,1355.45,267,2022.0
678,There perhaps.,Romance,3430.74,201,2022.0
679,Discuss.,NA,1358.84,196,2023.0
680,Ask enjoy.,Sci-Fi,3326.0,204,2018.0
681,Still hear.,NA,1640.36,14,2021.0
682,South late.,Sci-Fi,738.41,300,2035.0
683,Offer read place.,Fiction,504.69,172,2021.0
684,Spring stock Republican.,Fiction ,3844.88,488,2019.0
685,Hundred kitchen individual.,Sci-Fi,1566.29,-8,2020.0
686,Organization should require.,Sci-Fi,560.53,132,2021.0
687,Number could.,NA,180.84,115,2023.0
688,Strong follow religious early.,History,4459.49,159,2021.0
10,Doctor style can.,NA,4202.48,260,2020.0
690,Strong could.,Sci-Fi,4196.36,133,2018.0
691,Right whom far.,Romance,4940.98,254,2020.0
692,Organization theory tend.,NA,3035.28,247,2021.0
693,Like.,Sci-Fi,3944.85,45,2035.0
694,Whatever real month.,Fiction ,1316.82,165,2018.0
695,Along before.,NA,3575.64,82,2022.0
696,Modern ten.,NA,2995.57,443,2020.0
697,Science almost middle.,History,3232.61,18,2023.0
698,Follow series offer.,History,2768.61,471,2021.0
699,Knowledge bag.,NA,970.42,369,2020.0
700,Cover education.,NA,761.64,36,2018.0
701,More remember event.,NA,3181.05,266,2021.0
702,Simply offer.,NA,4279.04,386,2035.0
703,Agreement kid international.,NA,2717.79,484,2019.0
704,Young behind.,Sci-Fi,925.04,239,2022.0
705,Rise.,Fiction,1278.87,99,2021.0
706,Seat serve suffer.,History,881.8,266,2022.0
707,Mrs score.,Sci-Fi,3082.43,474,2022.0
708,Safe safe.,Fiction ,2269.76,318,2021.0
709,Identify very.,Romance,4111.8,36,2020.0
710,Later.,Fiction ,4492.31,27,2021.0
711,History candidate anything various.,History,3433.0,-6,2019.0
712,Program star.,NA,1857.72,6,2022.0
713,Avoid whose partner.,History,4679.76,260,2021.0
714,Kind assume.,History,587.08,304,2023.0
715,Same prove.,Sci-Fi,1093.64,263,2023.0
716,Sing company various source.,NA,2212.06,232,2021.0
717,Several.,Fiction ,3599.02,460,2021.0
718,Itself piece study upon.,Fiction,2601.27,487,2020.0
719,Activity ground necessary.,Sci-Fi,4737.81,208,2018.0
720,Character.,Sci-Fi,648.82,335,2018.0
721,Quality bed.,Romance,1904.91,268,2021.0
722,Line billion where quite.,Sci-Fi,4196.92,165,2018.0
723,Me program.,Fiction,1359.25,202,2018.0
724,Sense nice number.,History,852.32,57,2021.0
725,Create power.,Sci-Fi,3449.85,387,2021.0
726,Enter though challenge performance.,Romance,3570.66,199,2018.0
727,Reality blood.,Sci-Fi,1835.11,27,2021.0
728,Mr expect no.,Sci-Fi,2971.63,436,2035.0
729,Current responsibility.,Fiction,4841.95,32,2035.0
730,Skin three during.,NA,4743.55,473,2021.0
731,Return discover pattern.,Sci-Fi,243.25,167,2035.0
732,Course family.,Fiction ,1122.57,398,2021.0
733,Hand ball north.,Sci-Fi,1668.9,392,2021.0
734,Western including.,Fiction ,2259.45,261,2020.0
735,Responsibility entire.,Fiction ,3525.67,395,2023.0
736,Certain reduce hospital.,Fiction ,2457.02,448,2020.0
737,Produce only.,NA,3877.82,252,2021.0
738,Wrong factor PM.,Sci-Fi,4772.08,433,2022.0
739,Church though.,Sci-Fi,4872.08,269,2021.0
740,Resource ten.,Fiction ,3340.85,410,2019.0
741,Third require.,Sci-Fi,3178.33,196,2018.0
742,Give car color material.,NA,4273.11,-7,2020.0
743,Leg.,History,1086.18,201,2019.0
744,Sea simply yet.,NA,2529.07,113,2021.0
745,Effect ready east artist.,Romance,1124.61,307,2020.0
746,Up class.,NA,3991.77,200,2023.0
747,Reveal identify young.,Sci-Fi,1271.92,8,2021.0
748,Practice middle paper.,Fiction,1405.74,365,2022.0
749,Result off.,NA,1793.91,142,2021.0
750,Executive truth guy result.,Sci-Fi,8.12,193,2020.0
751,Agreement.,Sci-Fi,-95.68,487,2020.0
752,Again thought.,Romance,452.47,-4,2019.0
753,Beautiful although.,NA,4543.93,372,2023.0
754,Type throw.,Romance,1218.35,109,2035.0
755,Recent view.,Sci-Fi,-36.83,198,2035.0
756,Film education.,NA,3773.19,410,2023.0
44,Send deep region.,Romance,1461.66,4,2021.0
758,Mean store.,History,31.06,147,2019.0
759,Foot laugh work.,Sci-Fi,1629.48,180,2021.0
760,Force need total.,NA,2485.94,403,2022.0
31,Someone garden professor.,NA,1457.9,-16,2020.0
762,May story.,NA,2203.14,419,2035.0
763,World feel.,NA,3461.82,43,2019.0
764,Work leave.,Fiction,2897.52,397,2022.0
765,Series hold approach.,NA,4062.98,67,2022.0
766,Think special explain.,Romance,2906.26,271,2020.0
767,Evening interesting similar institution.,History,4121.62,101,2021.0
768,City method fast.,Romance,3529.19,229,2021.0
769,Office after top.,Romance,3119.41,362,2020.0
770,Fish can.,NA,483.16,235,2019.0
771,Owner hit line.,NA,956.4,80,2035.0
772,Military water level.,Romance,2722.47,284,2020.0
773,He themselves career.,NA,1268.64,429,2021.0
97,Common tough.,NA,4345.35,441,2020.0
775,Court person strategy.,Sci-Fi,666.33,8,2022.0
776,Spend cell suggest.,Fiction ,4520.23,429,2021.0
777,While tend.,NA,3440.96,92,2023.0
778,Kind move.,Fiction ,2372.08,385,2035.0
779,Bad want myself.,NA,2636.53,473,2019.0
780,Brother past.,Fiction,4910.18,116,2021.0
781,People interesting.,Sci-Fi,1003.3,396,2021.0
782,Tonight west.,History,1098.12,440,2022.0
783,No red.,NA,1559.51,-4,2018.0
784,Night news.,NA,2483.73,188,2022.0
785,Whose person.,NA,2923.82,137,2019.0
786,Mind culture real.,History,2056.98,344,2035.0
787,Yeah method.,Fiction,1852.78,437,2021.0
788,Common cover group attorney.,Sci-Fi,4272.77,262,2021.0
789,Production system reflect model.,History,3297.74,299,2022.0
790,High ahead money.,Fiction ,3258.76,36,2021.0
791,Group song situation.,NA,1445.11,483,2018.0
792,Night nation.,Romance,1990.34,295,2022.0
793,Cost better lead.,NA,1595.52,199,2035.0
794,His training throughout.,Sci-Fi,3537.08,282,2019.0
795,Woman bar.,Sci-Fi,187.98,351,2020.0
796,Involve simply field hand.,Fiction,19.61,187,2021.0
797,Computer factor.,History,1847.51,443,2021.0
798,Growth small.,History,586.68,65,2021.0
799,Various trouble possible.,Sci-Fi,4700.37,404,2035.0
800,Huge thus chair many.,Fiction ,4135.21,420,2021.0
801,Republican describe forward.,Sci-Fi,2889.62,310,2035.0
802,Fast worry compare.,Fiction,1387.08,243,2023.0
803,Beat event.,NA,2481.35,96,2022.0
804,Theory free.,Fiction,3871.8,41,2020.0
805,Idea test.,Sci-Fi,4924.09,151,2021.0
806,Phone cover ability.,History,468.47,448,2018.0
807,Education shake time.,NA,4029.5,138,2020.0
808,Professor.,Sci-Fi,2907.69,192,2021.0
809,Cultural her manager.,Romance,2125.27,297,2019.0
810,Push cause mission.,Fiction ,1590.26,52,2019.0
811,Give many assume.,Sci-Fi,1313.49,299,2035.0
812,Doctor health.,NA,3628.2,142,2021.0
813,Almost hard a.,Romance,1398.66,60,2035.0
814,Crime oil reason.,Fiction ,15.21,351,2021.0
815,Girl project drive.,History,4182.53,300,2023.0
816,Plant parent.,History,4081.59,195,2023.0
817,Series analysis.,Sci-Fi,2726.37,123,2023.0
818,Seat business seem.,Fiction ,907.85,266,2035.0
819,Alone most.,NA,2237.8,159,2018.0
820,Once occur total.,History,4764.86,417,2023.0
821,Reality market a.,Sci-Fi,4169.12,369,2021.0
822,Seek put lot.,Sci-Fi,429.88,119,2019.0
823,Boy short.,NA,124.42,409,2021.0
824,Enjoy continue whose.,NA,4303.49,370,2023.0
825,Trial speech represent stage.,NA,2373.87,221,2035.0
826,Wide lead education.,Fiction,-95.73,206,2022.0
827,Traditional include.,Romance,1928.01,293,2018.0
828,Support anything either.,Fiction ,3984.49,251,2020.0
829,Read data.,Fiction,2952.99,13,2020.0
830,Call age art.,Sci-Fi,2968.55,287,2018.0
831,Safe view.,NA,3933.85,490,2021.0
832,Amount word perhaps.,NA,4144.74,492,2021.0
833,Pretty watch.,Romance,2779.49,495,2021.0
834,Color night.,Fiction,3269.32,239,2021.0
835,Do benefit election.,History,780.57,416,2019.0
836,Machine have.,NA,1334.11,4,2035.0
837,State best cup.,NA,1807.48,244,2035.0
838,Even man.,Fiction,2646.04,474,2021.0
839,Personal home for.,NA,3680.29,415,2022.0
840,Expect speech eight heart.,Sci-Fi,1284.56,178,2021.0
841,Or teacher.,History,2447.88,452,2022.0
842,Up rock support.,Sci-Fi,657.81,204,2018.0
843,Value ok state.,NA,3434.66,58,2035.0
844,Girl accept reveal.,Fiction,1804.28,253,2018.0
845,Fear skill culture morning.,History,2055.54,358,2020.0
846,My off.,Fiction ,1481.43,109,2020.0
847,Stay own ahead.,Sci-Fi,2994.21,201,2023.0
848,Help similar one.,Romance,1878.26,156,2021.0
849,None big.,Sci-Fi,1131.77,306,2022.0
850,Have floor write.,Romance,3174.78,326,2019.0
851,Sister image.,NA,1651.65,403,2021.0
852,Reach baby.,History,1480.14,228,2021.0
853,Paper young.,History,-48.01,366,2019.0
854,So clearly.,Sci-Fi,2592.87,337,2022.0
855,Else increase debate.,Fiction ,1181.01,22,2022.0
856,Meeting right.,Sci-Fi,4488.49,457,2021.0
857,Television cell church.,NA,3805.27,437,2019.0
858,Feel purpose role.,NA,3609.74,8,2022.0
859,Compare look.,NA,421.14,318,2020.0
860,Seem price respond.,NA,1194.96,334,2035.0
861,Industry ago next.,Fiction,265.72,54,2021.0
862,Them population.,Sci-Fi,1425.19,326,2022.0
863,Idea source yeah.,NA,2284.46,-7,2021.0
864,Wrong though these quickly.,Fiction ,589.84,137,2018.0
865,Point really.,Fiction ,1550.48,164,2021.0
866,Drive control important.,Fiction,2943.89,1,2020.0
867,Future accept.,NA,897.74,297,2021.0
868,Article resource.,NA,490.0,-9,2021.0
869,Approach authority.,NA,4412.94,217,2020.0
870,Radio voice.,Sci-Fi,2983.85,155,2021.0
871,Author.,Fiction,4462.14,165,2035.0
872,Evening employee office.,Romance,4379.76,374,2020.0
873,Low occur catch.,Fiction ,4131.13,109,2022.0
874,Race measure.,History,1686.58,189,2021.0
875,Research behavior item.,NA,4661.64,156,2022.0
876,Sure help job.,History,1009.84,-11,2018.0
877,Character land brother apply.,NA,4393.71,376,2019.0
878,Bank yet tree.,NA,4462.58,399,2019.0
879,Throughout chance else.,NA,869.25,38,2019.0
880,Process democratic.,Fiction ,905.68,156,2018.0
881,Mean start.,NA,4118.93,282,2023.0
882,Thank heavy.,Sci-Fi,589.34,348,2022.0
883,Response seek.,Romance,3368.54,403,2022.0
884,Bed commercial.,Sci-Fi,4135.67,117,2023.0
885,Morning sign.,Fiction,1838.52,380,2019.0
886,Republican water phone.,Sci-Fi,208.19,291,2035.0
887,Outside tough open.,Fiction ,4962.66,85,2023.0
888,Against significant skill.,Fiction ,4569.25,206,2019.0
889,Run few child.,Fiction ,4640.17,292,2021.0
890,Level realize.,Sci-Fi,4932.16,363,2035.0
891,Certainly number responsibility.,Sci-Fi,4536.17,300,2021.0
892,Person.,NA,912.19,408,2018.0
893,Per.,NA,3488.64,230,2035.0
894,On consumer military.,Sci-Fi,605.86,269,2035.0
895,Sell as try.,NA,3601.46,190,2020.0
896,Along skin help.,Sci-Fi,3254.04,274,2021.0
897,Full radio change.,Fiction ,3193.26,360,2021.0
898,Fear tonight.,Fiction,2062.35,233,2021.0
899,Fall.,Romance,1484.97,287,2018.0
900,Not around.,NA,2408.38,406,2021.0
901,Network part explain.,Sci-Fi,4729.81,376,2020.0
902,Attention whole plan.,Fiction ,2844.82,323,2035.0
903,Process short size garden.,Fiction,242.38,373,2018.0
904,Newspaper hold.,Fiction,3769.05,339,2018.0
905,Test piece.,Fiction ,1789.95,484,2019.0
906,Too care.,Sci-Fi,3799.53,408,2021.0
907,Remain agent.,Sci-Fi,2345.13,24,2021.0
908,Nothing everything.,Sci-Fi,730.72,463,2022.0
909,Again billion game eat.,NA,1513.08,107,2018.0
910,Total research.,NA,30.99,35,2020.0
911,Whether wait generation.,Sci-Fi,4913.63,253,2021.0
912,The defense expect.,Sci-Fi,631.74,383,2018.0
913,Stuff message middle.,Fiction ,1769.95,247,2023.0
914,Interesting.,NA,345.28,412,2022.0
915,View amount.,History,2535.9,184,2022.0
916,Whether another.,NA,3429.93,52,2021.0
917,Any environment trade.,Sci-Fi,1142.9,28,2021.0
918,Lay whether.,Fiction,31.88,345,2022.0
919,Walk.,Sci-Fi,4847.23,200,2021.0
920,Make during reduce.,Romance,3446.18,32,2021.0
921,Accept.,History,3556.52,435,2018.0
922,Under bring.,Fiction,271.18,77,2019.0
923,Five activity.,Sci-Fi,4301.32,304,2018.0
924,Fear left last.,Fiction,1585.12,370,2021.0
925,Computer arm professional.,Fiction ,628.49,192,2022.0
926,Race down final.,NA,2150.32,484,2022.0
927,Visit occur.,NA,4523.71,12,2018.0
928,Brother heavy career.,Fiction,329.96,253,2035.0
929,They information pressure.,Romance,4632.28,186,2023.0
930,Others know little.,Romance,2018.51,74,2022.0
931,Mr short.,Sci-Fi,1688.93,484,2019.0
932,Full watch.,NA,942.24,372,2021.0
933,Stock story.,Fiction ,3801.99,171,2022.0
934,International catch.,History,4871.95,-11,2021.0
935,Benefit discover word.,Sci-Fi,4059.15,477,2023.0
936,Brother body win.,Romance,473.79,42,2018.0
937,Still maybe occur.,Fiction ,4845.61,336,2023.0
938,American month.,Sci-Fi,2929.72,122,2022.0
939,Everybody never.,NA,983.92,57,2018.0
940,Significant from.,NA,802.24,163,2022.0
941,Watch son.,History,4312.31,397,2019.0
942,Word recently.,Fiction ,880.93,224,2022.0
943,Will determine report.,Fiction,4224.51,85,2018.0
944,Act hundred.,Romance,17.31,66,2021.0
945,Traditional threat pattern blue.,Sci-Fi,2461.79,143,2021.0
946,Leave player today.,Sci-Fi,4167.64,-18,2018.0
947,Anything light in.,NA,4858.33,341,2020.0
948,Development establish speak.,Sci-Fi,1762.72,223,2035.0
949,Relate end.,Fiction,4163.47,95,2022.0
950,Including subject article.,Romance,1642.35,426,2021.0
951,Religious first.,Sci-Fi,1640.45,490,2035.0
952,Eye environmental.,NA,4987.47,316,2020.0
10,Catch without return.,Fiction ,4808.58,339,2023.0
954,Act put.,NA,2408.0,9,2022.0
955,Poor himself.,Sci-Fi,3025.7,177,2023.0
956,Page ability every.,Sci-Fi,2610.33,161,2021.0
957,Rest TV policy model.,Sci-Fi,929.31,67,2021.0
958,Recent reach although.,NA,1428.17,350,2021.0
959,Buy address.,Sci-Fi,3778.98,176,2021.0
960,Technology.,Fiction,1835.02,9,2023.0
961,Price week agree become.,NA,1000.27,184,2020.0
962,Would resource course.,Romance,2809.28,-8,2019.0
963,Attack face.,Fiction ,752.89,484,2021.0
964,Friend may.,Romance,1498.28,108,2022.0
965,Appear drug talk.,Sci-Fi,4349.69,71,2019.0
966,Push above avoid.,NA,1796.68,70,2019.0
967,Recently specific.,Sci-Fi,1393.75,484,2018.0
968,Manage main.,Sci-Fi,1557.47,-15,2018.0
969,Course set.,Romance,257.43,287,2021.0
970,Decade activity in.,NA,4274.27,458,2021.0
971,Team again.,Romance,1891.32,149,2019.0
972,Treat wide can.,Romance,1865.34,304,2022.0
973,Specific free scientist.,Romance,3684.44,195,2021.0
974,Window.,NA,4105.01,237,2021.0
975,Skill son.,Sci-Fi,4583.22,227,2022.0
976,Responsibility product.,Fiction,1434.12,496,2019.0
977,Resource enough.,Fiction ,1784.9,243,2035.0
978,Remember cut beyond.,Fiction ,1368.01,263,2021.0
979,Camera ground seem.,NA,4830.38,87,2021.0
980,Store history crime.,Fiction,1260.44,139,2021.0
981,Form career half.,Fiction ,3563.49,242,2019.0
982,Spend book job.,Fiction,2255.69,-1,2022.0
983,Share bad different.,History,4938.3,78,2021.0
984,Ago pick.,NA,1835.93,471,2035.0
985,Wall Mrs.,Sci-Fi,3644.24,165,2020.0
986,Stock fact subject.,NA,3960.74,193,2018.0
987,Plan thing.,NA,617.66,296,2023.0
988,Some leave current.,Sci-Fi,2210.69,241,2020.0
989,Beyond small sign.,Romance,4515.94,80,2035.0
990,Kitchen your.,NA,2450.47,495,2022.0
991,Son wish never.,Sci-Fi,3769.65,484,2019.0
992,Heavy somebody.,Fiction ,4838.99,124,2020.0
993,Interest image TV.,History,1145.12,221,2022.0
994,Read protect consider.,History,614.67,76,2023.0
995,Actually level attorney.,Sci-Fi,1266.5,246,2035.0
996,Source believe wife.,Sci-Fi,1043.49,143,2021.0
997,Sing pattern decide.,Fiction,1328.39,177,2021.0
998,Expert cause to.,Sci-Fi,3722.79,415,2035.0
21,Sport difficult unit.,Fiction,3063.1,434,2021.0
1000,Another somebody off.,Romance,314.59,62,2020.0
1001,Sit side factor.,Sci-Fi,71.65,176,2035.0
1002,Reason so purpose such.,History,4119.19,285,2023.0
1003,Industry.,Sci-Fi,282.51,251,2020.0
1004,International in machine.,Sci-Fi,1251.7,84,2022.0
1005,Than authority maybe.,History,1743.62,-2,2019.0
1006,Memory resource show.,Romance,525.91,81,2023.0
1007,Yes hit.,Fiction,222.47,204,2020.0
1008,Try create.,Romance,2699.84,136,2021.0
1009,Ask smile.,Fiction,619.0,176,2019.0
1010,Up good bag.,NA,-96.54,230,2020.0
1011,Experience leave statement.,Sci-Fi,4220.12,168,2035.0
1012,Political to.,NA,1167.62,299,2023.0
1013,Cultural else service.,NA,361.49,99,2022.0
1014,Story early.,Sci-Fi,3280.88,482,2035.0
1015,Why president form.,NA,946.84,109,2021.0
1016,Another others party.,Sci-Fi,1874.07,169,2021.0
1017,Consumer.,Fiction,647.41,219,2035.0
1018,Maintain sit.,NA,454.19,475,2019.0
1019,Continue pay western election.,NA,-54.67,369,2019.0
1020,Reduce commercial.,NA,4163.36,138,2022.0
1021,North worker.,Sci-Fi,3600.33,77,2021.0
1022,Travel serious hotel.,History,4496.42,40,2022.0
1023,Kid behind technology.,Fiction ,2211.24,226,2018.0
1024,Region program including.,History,4670.34,347,2020.0
1025,Agency although there.,NA,1900.88,202,2019.0
1026,Interesting science.,Fiction ,4733.76,316,2021.0
1027,Consider song between.,Romance,2484.59,134,2035.0
1028,About stay candidate.,Sci-Fi,577.2,117,2021.0
1029,At talk huge.,Fiction ,4820.12,196,2021.0
1030,Discussion religious forward.,Sci-Fi,3921.89,350,2035.0
1031,Already however improve detail.,NA,363.55,137,2022.0
1032,Real easy.,Sci-Fi,4231.11,308,2023.0
1033,Majority thank.,Fiction,4730.97,438,2020.0
1034,Each far.,NA,3329.24,230,2022.0
1035,Give.,Fiction,-46.96,195,2020.0
1036,Fall reveal.,History,2443.33,3,2022.0
1037,Unit per.,NA,1598.22,424,2021.0
1038,Behind quite.,NA,4548.92,67,2021.0
1039,Action news but.,Fiction ,2220.45,332,2021.0
1040,Democrat.,History,1087.63,95,2021.0
1041,Exactly performance.,Sci-Fi,258.32,183,2023.0
1042,Marriage prevent indeed.,Romance,2548.99,410,2022.0
1043,Paper scientist say.,NA,599.01,290,2021.0
1044,Go soon yet.,Sci-Fi,4223.55,323,2035.0
1045,Drop board college.,Sci-Fi,2951.55,488,2021.0
1046,Early care head.,NA,-62.46,35,2021.0
1047,Over present operation.,Fiction ,444.74,158,2022.0
1048,Clear election fine.,Fiction,570.64,63,2018.0
1049,Will relate.,Sci-Fi,1005.86,391,2021.0
6,Stand less.,Sci-Fi,638.18,120,2021.0
1051,Near break say.,NA,3498.45,21,2023.0
1052,Space quite.,Fiction,-63.76,370,2020.0
1053,Task capital eight.,Fiction,3254.38,70,2020.0
1054,Though pretty.,History,646.25,25,2019.0
1055,Expect manager family.,Romance,3684.54,486,2021.0
1056,Sit dog.,NA,779.81,151,2020.0
1057,Between.,Fiction,4848.26,347,2023.0
1058,Player way.,Fiction ,4564.25,285,2019.0
1059,Allow magazine.,Fiction,4330.03,61,2022.0
1060,Product evening.,History,4149.49,500,2022.0
1061,Science war.,Sci-Fi,549.32,420,2023.0
1062,Carry notice.,NA,4223.49,132,2020.0
1063,Memory.,NA,-10.27,483,2022.0
1064,Opportunity his recent time.,Sci-Fi,3890.84,221,2019.0
1065,Guess much deal.,Fiction,4621.19,121,2019.0
1066,Environmental much.,Sci-Fi,134.55,207,2021.0
1067,Away north camera understand.,Sci-Fi,4095.61,24,2018.0
1068,Attack end.,NA,4110.62,160,2021.0
1069,Discover inside several.,NA,3171.98,199,2020.0
1070,Ten trip.,Sci-Fi,4026.36,205,2023.0
1071,Information couple.,NA,3743.67,331,2019.0
1072,Else tough.,Sci-Fi,4679.6,495,2018.0
1073,Campaign consider.,Fiction ,1629.27,428,2035.0
1074,Opportunity source trial.,Fiction,-23.28,65,2021.0
1075,Never TV up inside.,NA,4229.37,182,2020.0
1076,Generation than.,Romance,4137.78,52,2021.0
1077,Outside owner black.,History,2244.96,-3,2022.0
1078,Light free customer accept.,Fiction,2497.45,139,2035.0
1079,Sound once always.,History,3408.29,50,2021.0
1080,Money staff.,History,3131.99,457,2022.0
1081,Left voice such later.,NA,4456.18,70,2021.0
1082,World test seek matter.,Sci-Fi,1115.89,254,2018.0
1083,Pretty leave world.,Romance,798.36,64,2018.0
1084,Cup social.,History,507.9,319,2019.0
1085,White west.,NA,64.39,0,2023.0
1086,Fight Democrat.,Sci-Fi,632.06,345,2021.0
1087,Account listen.,History,-94.93,466,2035.0
1088,Audience just lead.,Sci-Fi,2667.85,317,2035.0
1089,Determine window natural study.,Romance,1981.54,440,2019.0
1090,Hard agency seek.,Fiction,4603.86,323,2018.0
1091,Treat Democrat family stop.,NA,4912.45,11,2035.0
1092,People fly.,Fiction,2549.61,291,2022.0
1093,Large sister production.,NA,2599.12,-13,2019.0
1094,Over anything.,Fiction,321.63,50,2018.0
1095,Machine ready.,Fiction ,901.31,370,2020.0
1096,Senior station.,Fiction ,284.24,275,2021.0
1097,Thus serve figure.,Fiction,235.06,492,2019.0
1098,Civil.,Sci-Fi,1965.74,421,2021.0
1099,Change prevent.,Fiction,560.73,426,2019.0
1100,Audience win thank.,Fiction ,1807.8,395,2020.0
1101,Without like.,Fiction ,3575.61,343,2018.0
1102,Morning somebody.,NA,3817.12,318,2019.0
1103,Quite law.,History,1695.17,238,2021.0
1104,Paper nothing staff.,Romance,4494.86,18,2021.0
1105,Shake several.,Fiction ,2158.68,258,2035.0
1106,Available season past.,Sci-Fi,4685.45,464,2022.0
1107,Themselves nice their successful.,Romance,2710.58,299,2019.0
1108,Democrat everyone pay.,Fiction,3242.56,283,2035.0
1109,See quickly anyone boy.,Sci-Fi,1927.27,308,2019.0
1110,Along.,Romance,3898.11,308,2021.0
1111,Could result.,Sci-Fi,1551.26,370,2018.0
1112,Standard.,Sci-Fi,1937.81,66,2021.0
1113,Member computer.,Sci-Fi,2644.01,238,2020.0
1114,Western safe.,Fiction ,-89.99,446,2021.0
1115,Should could.,Fiction,4494.66,271,2018.0
1116,Democrat night.,Romance,4023.67,429,2035.0
1117,Interest crime around.,NA,2156.58,404,2019.0
1118,Reality picture.,Romance,2181.24,233,2021.0
1119,Network style man.,Romance,2951.51,101,2020.0
1120,Voice offer large.,History,2233.07,-8,2035.0
1121,Partner agree edge.,Fiction,3104.28,215,2035.0
1122,Owner left approach generation.,Sci-Fi,1160.14,230,2022.0
1123,Return dog blue beautiful.,Sci-Fi,2300.96,171,2022.0
1124,Process because.,NA,1823.41,283,2021.0
1125,Fact off.,NA,383.82,-2,2021.0
1126,Wide seek difference.,Romance,146.87,279,2023.0
1127,Big special just somebody.,NA,1049.92,272,2020.0
1128,Artist enough quickly.,Sci-Fi,1996.78,349,2021.0
1129,Student.,Sci-Fi,1532.82,210,2019.0
1130,Prevent movie I quickly.,Fiction ,1003.28,390,2035.0
1131,Treat response ever.,Sci-Fi,46.96,238,2022.0
1132,About.,NA,1801.59,194,2035.0
1133,Take address.,Sci-Fi,2548.92,331,2018.0
1134,Certain north what.,NA,4162.0,60,2022.0
1135,Performance include brother.,Fiction ,3661.66,178,2035.0
1136,Kitchen likely time.,History,4778.53,117,2018.0
1137,Good else collection technology.,Sci-Fi,3648.85,382,2018.0
1138,She interview father until.,NA,4903.48,6,2035.0
1139,Central back.,NA,4690.58,451,2023.0
1140,Build middle.,History,2080.29,251,2023.0
1141,Enough agreement.,NA,4009.52,485,2019.0
1142,Beat claim.,NA,3886.99,234,2023.0
1143,Despite.,Romance,4093.68,30,2018.0
1144,Add whole.,History,1919.49,61,2023.0
1145,Today ever.,NA,3217.93,352,2023.0
1146,However network cultural.,Romance,4150.91,442,2018.0
1147,Down really first.,Romance,875.84,47,2020.0
1148,Major send beautiful.,Sci-Fi,3509.75,20,2035.0
1149,Improve road.,Fiction,4773.44,57,2022.0
1150,Soldier yourself.,Sci-Fi,2782.01,80,2021.0
1151,Nature society stock.,Fiction,513.82,279,2021.0
1152,Room look.,Fiction ,2243.08,496,2035.0
1153,Bit if.,Sci-Fi,3283.91,243,2035.0
1154,Politics include.,History,434.13,122,2021.0
1155,Author anything.,Romance,2068.67,68,2019.0
1156,Glass if whether.,Sci-Fi,1511.37,201,2022.0
1157,Answer finally.,NA,4072.41,271,2035.0
1158,Hair book.,Sci-Fi,2084.1,214,2021.0
1159,Measure day.,Romance,1772.46,445,2020.0
1160,Sense reason Democrat.,Romance,4920.32,2,2018.0
1161,Thank stage movement have.,Fiction ,4019.09,487,2021.0
1162,Per green body.,Sci-Fi,1553.96,244,2023.0
1163,Democrat break.,Romance,3301.55,-13,2023.0
1164,Newspaper top explain better.,Romance,4195.09,-10,2021.0
1165,North return green.,Sci-Fi,312.53,194,2021.0
1166,Least weight south.,Fiction,1036.45,4,2023.0
1167,Music other.,Fiction,453.03,35,2023.0
1168,Stand store.,Fiction ,443.72,65,2022.0
1169,Add follow organization.,Sci-Fi,2604.94,287,2018.0
1170,Enjoy best wall establish.,History,426.24,73,2019.0
1171,Serious coach.,NA,2928.13,340,2021.0
1172,Agree break.,Fiction,681.39,298,2022.0
1173,If that wonder.,Sci-Fi,4239.28,50,2035.0
1174,Article north one.,Fiction ,2549.8,120,2021.0
1175,Listen system law.,Romance,4150.59,112,2022.0
1176,Compare ability.,NA,3013.57,365,2021.0
1177,Hear almost.,NA,1093.98,-7,2020.0
1178,Program PM lead.,NA,4189.45,213,2023.0
1179,Financial second.,Sci-Fi,2192.9,492,2020.0
1180,Serious.,Fiction ,1527.05,123,2023.0
1181,Hot claim.,Romance,4131.11,445,2021.0
1182,Start.,NA,2775.71,241,2035.0
1183,Your lay.,Sci-Fi,2162.56,361,2021.0
1184,Bad mouth.,Fiction ,3836.97,373,2020.0
1185,Skill everyone.,Fiction ,1851.33,395,2020.0
1186,None system fill.,Romance,1958.81,376,2019.0
1187,Leave example up.,Fiction,1194.28,12,2035.0
1188,Mission without similar.,Romance,2621.09,432,2035.0
1189,Task data official.,NA,3578.08,82,2023.0
1190,Suffer senior.,NA,360.8,138,2035.0
1191,What natural.,History,2756.0,13,2023.0
1192,Be low word.,Fiction,4391.34,184,2018.0
1193,Office wide.,NA,4475.69,136,2020.0
1194,When nor study.,Fiction,4991.46,400,2035.0
1195,Music focus.,Fiction,3398.89,480,2021.0
1196,Maintain talk then.,Sci-Fi,3804.56,111,2018.0
1197,Pay whatever.,NA,563.05,462,2022.0
1198,Yet sport girl.,Fiction,4002.62,228,2023.0
1199,Name visit.,Romance,917.66,137,2035.0
1200,Customer determine.,Fiction,3300.72,370,2018.0
1201,See close trade.,History,1142.35,478,2019.0
4,Discover source.,Fiction,1367.09,457,2020.0
1203,Medical election.,Sci-Fi,1567.53,211,2021.0
1204,Idea coach reveal.,NA,4534.61,302,2019.0
1205,Him weight successful.,Fiction,3292.16,133,2021.0
1206,Daughter together.,Sci-Fi,3970.78,297,2021.0
1207,Order bar.,Sci-Fi,3620.69,147,2022.0
1208,Peace support federal.,Sci-Fi,3686.08,163,2021.0
1209,Away when health.,Sci-Fi,664.36,231,2018.0
1210,Need nothing heart.,Fiction ,3452.42,378,2021.0
1211,Trial red.,Fiction,694.94,211,2018.0
1212,Prove food.,Sci-Fi,2762.38,281,2019.0
1213,Actually against this.,History,4735.48,188,2035.0
1214,Way hundred sense.,Sci-Fi,4220.62,283,2018.0
1215,Film.,NA,-42.0,124,2019.0
1216,Every.,Romance,1204.6,142,2018.0
1217,Majority.,Sci-Fi,1954.48,-13,2020.0
1218,To voice traditional.,Fiction ,222.88,467,2020.0
1219,Pm statement.,Sci-Fi,1253.32,381,2018.0
1220,Consumer moment always.,Sci-Fi,3255.41,106,2035.0
1221,Final body.,Sci-Fi,3180.92,221,2021.0
1222,Fund also.,NA,4778.64,113,2035.0
1223,Authority candidate.,Sci-Fi,1790.89,353,2018.0
1224,Million.,NA,836.64,103,2021.0
1225,Say theory.,Fiction,3317.81,110,2020.0
1226,Candidate little.,History,3458.46,34,2022.0
1227,Else.,History,1703.76,353,2019.0
1228,Fact activity.,Fiction ,885.23,363,2018.0
1229,Create region control.,Romance,1916.36,224,2021.0
1230,Deep thus home billion.,Sci-Fi,485.93,128,2018.0
1231,Team mission way.,Fiction,4594.88,162,2021.0
1232,Left politics.,Fiction,3073.2,145,2023.0
1233,Over official team.,NA,3160.33,143,2035.0
1234,Black recent.,Romance,819.34,163,2022.0
1235,Identify suggest.,Sci-Fi,823.93,392,2035.0
1236,Action.,Romance,1696.89,308,2035.0
1237,Bank market company tax.,Sci-Fi,580.42,276,2020.0
1238,Serious sit.,Romance,4048.94,376,2020.0
1239,Always century.,Sci-Fi,4796.6,196,2035.0
1240,Young state rise.,NA,4883.01,414,2023.0
1241,Effect parent yourself.,NA,369.44,80,2018.0
1242,City key major.,Fiction,2185.36,390,2021.0
1243,Network field.,History,3351.95,269,2020.0
1244,On middle.,Fiction ,1456.96,214,2023.0
1245,Generation would dinner.,NA,4330.55,151,2018.0
1246,Design building every shake.,Fiction,3529.99,246,2021.0
1247,Hospital contain popular.,NA,4300.52,168,2022.0
1248,Father success.,Fiction,4645.15,298,2022.0
1249,Control degree team head.,Fiction ,2336.54,314,2020.0
1250,Republican authority program.,History,834.75,363,2020.0
1251,Industry seem beat.,NA,3476.54,4,2022.0
1252,Who career develop.,NA,2408.05,364,2021.0
1253,Site middle.,Romance,3848.68,261,2023.0
1254,Responsibility enough nice.,Fiction,4965.74,446,2021.0
1255,Stock success plant.,Sci-Fi,3117.71,76,2021.0
1256,Something everyone.,Fiction,4089.97,361,2035.0
1257,Bring guess.,Fiction,2395.07,330,2035.0
1258,All financial reflect lawyer.,Sci-Fi,3426.82,125,2021.0
1259,Remain eat.,History,1800.71,155,2018.0
1260,Rule our.,Romance,57.14,157,2035.0
1261,Blue claim arrive.,NA,1730.78,496,2020.0
1262,Tend whose end.,Fiction,3239.66,-12,2021.0
1263,For culture stay certain.,Fiction ,4878.13,431,2020.0
1264,Make whether consider.,Sci-Fi,2656.31,316,2022.0
1265,Wide fear.,Fiction ,1787.24,335,2020.0
1266,On note.,Sci-Fi,1009.04,154,2019.0
1267,Rather card.,Sci-Fi,601.98,94,2035.0
1268,Hard item.,History,373.57,50,2023.0
1269,Scene.,Sci-Fi,4715.19,341,2035.0
1270,Not building former.,Fiction ,1058.57,13,2021.0
1271,Wife believe job less.,Sci-Fi,752.3,145,2021.0
1272,Everybody get.,Fiction ,4030.7,397,2018.0
1273,Page lay old.,History,2844.45,353,2023.0
1274,Central power.,NA,4328.94,27,2021.0
1275,Training size.,Fiction ,1018.4,294,2018.0
1276,Nothing account few.,Sci-Fi,535.03,293,2019.0
1277,Our.,Sci-Fi,66.14,380,2035.0
1278,Live purpose.,Fiction,1970.63,76,2021.0
1279,Address.,NA,3336.28,281,2019.0
1280,Consider listen.,Romance,1740.59,156,2018.0
1281,Perform court.,Romance,2836.07,266,2019.0
1282,Kid rock conference.,Fiction ,2503.67,279,2022.0
1283,Customer impact newspaper.,NA,991.37,327,2035.0
1284,Move foreign inside.,NA,3079.89,330,2020.0
1285,Reflect car.,Fiction ,3918.37,86,2022.0
1286,Blood indicate article.,NA,-93.75,35,2022.0
1287,Pattern understand star.,Sci-Fi,1653.63,206,2021.0
1288,Race amount conference.,Sci-Fi,3070.07,31,2018.0
1289,Remember expert drive.,Fiction ,3812.21,223,2023.0
1290,Good realize.,Romance,3859.95,363,2019.0
1291,Leg total risk.,History,63.84,304,2022.0
1292,Difficult.,Sci-Fi,3177.31,430,2018.0
1293,Draw agreement.,Fiction ,669.82,281,2021.0
58,Seek although water.,History,361.02,45,2023.0
1295,One.,NA,250.43,211,2023.0
1296,Prepare research.,Romance,185.51,231,2022.0
1297,Director soon.,NA,4661.54,249,2022.0
1298,Purpose seek.,NA,2644.47,431,2019.0
1299,Rule stage.,NA,3457.66,434,2020.0
1300,Success wind.,Sci-Fi,2591.89,1,2021.0
1301,Artist sell.,Romance,32.01,203,2035.0
1302,Everything push.,Sci-Fi,843.02,144,2021.0
1303,As reason.,NA,3716.74,36,2035.0
1304,Money beautiful team.,Fiction,138.03,9,2020.0
1305,Least me century out.,NA,2718.46,478,2021.0
1306,Small.,Fiction,240.94,47,2019.0
1307,Current main degree.,History,3997.03,413,2021.0
1308,Truth building book.,History,4649.83,429,2019.0
1309,Trouble hope home.,Fiction,674.47,378,2021.0
1310,Local direction.,Fiction,2009.23,-10,2019.0
1311,Say method choice.,History,349.46,194,2035.0
1312,Pull American.,NA,220.81,137,2035.0
1313,Fill third.,Sci-Fi,1647.69,-11,2035.0
1314,Rate ten.,NA,4456.8,416,2022.0
1315,Car all.,NA,4389.04,34,2020.0
1316,Draw point local look.,Sci-Fi,3424.03,363,2021.0
1317,Nor past brother.,Sci-Fi,2705.96,313,2020.0
1318,Usually consumer partner professional.,Fiction ,3808.24,489,2018.0
1319,Rock brother.,Sci-Fi,2222.66,398,2020.0
1320,Within us.,Sci-Fi,-1.64,13,2019.0
1321,Establish early nation.,History,4339.05,437,2021.0
1322,Land result.,NA,2673.67,375,2023.0
1323,Scene sell situation.,Romance,672.04,422,2018.0
1324,Life will.,History,837.69,321,2018.0
1325,House these may.,NA,3898.0,217,2022.0
1326,Bed either crime.,History,300.18,8,2023.0
1327,Always draw control.,Sci-Fi,3988.79,352,2021.0
1328,Crime note meet.,Romance,3872.02,157,2020.0
1329,Range other.,Fiction,3716.67,21,2019.0
1330,Technology customer.,NA,4928.56,360,2035.0
1331,Base pass.,Sci-Fi,3701.78,313,2018.0
1332,Low radio along who.,Sci-Fi,1962.12,273,2019.0
1333,Policy reduce sell.,Romance,3203.47,42,2018.0
1334,Military me miss.,Fiction,1452.66,477,2020.0
1335,Particular every party.,NA,1176.12,26,2019.0
1336,Little.,Fiction ,3598.0,460,2021.0
1337,Hand nothing.,NA,2190.09,290,2020.0
1338,Provide area break sister.,Fiction ,1738.06,115,2035.0
1339,Field recent treatment moment.,Fiction ,2326.34,-4,2021.0
1340,Sense simple account.,History,1676.22,60,2035.0
1341,Together really experience.,Fiction ,2390.97,198,2018.0
1342,Call late stay.,Sci-Fi,4957.53,187,2022.0
1343,Full food hit.,Sci-Fi,3185.46,20,2021.0
1344,Old result.,Fiction,4438.2,362,2019.0
1345,Eight evidence week.,History,2643.09,242,2020.0
1346,Marriage risk animal.,Sci-Fi,3763.77,276,2035.0
1347,Side hundred.,NA,4248.07,69,2023.0
1348,Type meeting.,Fiction ,2645.68,342,2021.0
1349,Light hand.,Sci-Fi,4478.69,84,2023.0
1350,Yeah test.,Romance,3889.26,100,2018.0
1351,Western.,Sci-Fi,2656.95,398,2021.0
1352,Anything range.,Romance,1697.87,400,2020.0
1353,Gun spend line test.,Fiction,2827.46,197,2022.0
1354,Production fact.,Fiction ,2266.76,351,2018.0
1355,Herself scientist main.,NA,1861.27,213,2023.0
1356,Popular evening show share.,NA,1474.41,475,2021.0
1357,Organization.,History,1946.26,12,2020.0
1358,Practice not.,NA,1808.09,254,2020.0
1359,Matter seven upon.,Romance,3512.88,86,2022.0
1360,Drive citizen court.,NA,2522.41,366,2021.0
1361,Strong business.,Fiction ,4162.86,275,2035.0
1362,Measure compare five.,History,4747.56,483,2020.0
1363,Themselves put.,Fiction,3200.99,-11,2021.0
1364,Hour quality.,Sci-Fi,1711.45,186,2021.0
1365,Church still.,Fiction,4345.12,286,2019.0
1366,Myself business.,NA,2522.12,297,2021.0
1367,Stand cause size rather.,Fiction ,229.68,383,2021.0
1368,Investment across.,NA,3825.23,457,2035.0
1369,Long administration unit.,NA,1489.94,143,2035.0
1370,Energy appear.,Fiction,884.72,54,2035.0
1371,Affect growth.,Romance,1035.71,33,2021.0
1372,Always enter him.,Sci-Fi,1669.01,288,2019.0
1373,Law ok everybody past.,NA,2858.08,179,2020.0
1374,Team free poor.,Romance,3240.5,462,2020.0
1375,Attorney tree.,Sci-Fi,1411.32,158,2020.0
1376,Leg provide seat.,History,1335.41,67,2018.0
1377,Customer program.,Romance,1789.77,286,2035.0
1378,During.,Fiction,1279.73,306,2023.0
1379,Former lot chance.,Fiction,3039.85,54,2035.0
1380,Mention law population gas.,Sci-Fi,142.97,395,2021.0
1381,Official for put.,NA,4991.53,323,2018.0
1382,Wall skin truth maybe.,NA,3368.93,326,2035.0
1383,Include someone indicate.,Romance,2937.7,50,2022.0
1384,Character drug protect.,Sci-Fi,4390.35,454,2023.0
1385,Science.,History,2397.67,463,2023.0
1386,Quickly remain hear.,Sci-Fi,1834.77,-12,2035.0
1387,Let.,Sci-Fi,4174.57,118,2023.0
1388,Participant much within.,NA,4437.47,190,2021.0
1389,Theory music.,NA,2782.88,385,2022.0
1390,Trouble ball simple.,History,2209.56,9,2019.0
1391,Seem federal.,Romance,172.0,11,2020.0
1392,Media defense hear.,Fiction ,2378.31,251,2019.0
1393,Success local.,NA,3675.35,-14,2020.0
1394,Debate hope.,Fiction ,3762.78,412,2020.0
1395,Conference none central.,Sci-Fi,1769.05,106,2020.0
1396,Wife hot church.,Sci-Fi,3193.68,177,2022.0
1397,Thus data skill ask.,Fiction ,999.44,333,2022.0
1398,Knowledge throw.,Romance,1387.68,289,2023.0
1399,Country several decide.,Romance,4661.2,288,2023.0
1400,Trade project.,Sci-Fi,229.94,454,2021.0
1401,Determine better start.,Fiction,3771.3,359,2019.0
1402,Key thought guy.,NA,262.54,98,2019.0
1403,Theory police product.,NA,234.85,208,2019.0
1404,Beat TV seem garden.,Sci-Fi,1180.57,54,2021.0
1405,Receive idea animal.,NA,4783.12,148,2021.0
1406,Character analysis.,Romance,4409.34,284,2021.0
1407,Modern shoulder.,Fiction,4498.11,188,2022.0
1408,Usually enough wonder.,Sci-Fi,3292.32,493,2020.0
1409,Kid program.,Sci-Fi,2366.5,380,2020.0
1410,Us floor level.,Romance,3296.13,238,2019.0
1411,Then lawyer body.,NA,2575.62,129,2021.0
1412,Technology edge.,Sci-Fi,4468.87,150,2022.0
1413,Few growth rather.,NA,4833.1,465,2020.0
1414,Education your scene.,Fiction ,1756.46,142,2018.0
1415,Assume course offer most.,Romance,3880.86,108,2022.0
1416,Him summer college.,Fiction,1462.55,463,2019.0
1417,Throw home leave.,Fiction ,1484.57,400,2018.0
1418,Idea finish measure.,Fiction,999.89,173,2018.0
1419,Enough catch.,Fiction,2727.7,73,2020.0
1420,Quite spring but.,Sci-Fi,3655.31,348,2022.0
1421,Total.,NA,718.6,414,2020.0
1422,Forget call marriage certainly.,Romance,480.48,19,2020.0
1423,Quite whether page.,Sci-Fi,4828.93,474,2021.0
1424,Brother professional.,History,4681.62,34,2018.0
1425,Weight president science.,NA,713.7,340,2023.0
1426,Let government pattern.,History,3561.3,318,2018.0
1427,Middle.,Romance,2413.42,286,2021.0
1428,Could.,Fiction,1985.33,-2,2019.0
1429,Live class player.,NA,4765.2,182,2020.0
1430,Modern result.,NA,4133.49,259,2019.0
1431,Also various hot.,NA,1016.2,122,2021.0
1432,Community now seek.,Fiction,3059.14,417,2035.0
1433,Election mission civil meet.,Fiction,2709.34,305,2022.0
1434,Professor she market.,Sci-Fi,3633.67,31,2018.0
1435,Keep guess.,History,238.35,169,2035.0
1436,Deal life not.,NA,1662.41,349,2021.0
1437,Seat break avoid.,Fiction ,1777.71,432,2018.0
1438,Source investment give statement.,Sci-Fi,3319.28,229,2019.0
1439,Especially all.,NA,3131.82,251,2018.0
1440,Life threat take.,NA,4411.59,79,2018.0
1441,Change standard.,Sci-Fi,3301.41,432,2019.0
1442,Machine thought.,Sci-Fi,3299.54,250,2021.0
1443,Ball raise.,NA,4255.87,71,2018.0
1444,New trouble structure.,Fiction ,669.06,332,2021.0
1445,Need keep.,NA,3937.91,245,2022.0
1446,Pattern member.,NA,4609.96,404,2023.0
1447,Than ahead effort.,NA,901.86,108,2019.0
1448,Question sell.,Fiction,3594.9,461,2023.0
1449,Policy training.,Fiction ,1880.17,378,2019.0
1450,Civil area matter.,NA,4208.65,242,2018.0
1451,Anything really.,Romance,3877.22,235,2018.0
1452,Enter difference.,Sci-Fi,3924.39,266,2035.0
1453,After upon sea.,Fiction ,1231.35,350,2035.0
1454,Write.,NA,1880.57,225,2019.0
1455,Here represent expect.,NA,643.36,39,2022.0
1456,Most subject world.,Sci-Fi,3781.7,173,2022.0
1457,Work financial rise.,Romance,2432.16,103,2019.0
1458,Your artist.,Fiction,1341.11,293,2019.0
1459,Apply they.,NA,4816.38,497,2020.0
1460,Increase attention.,Fiction ,3722.88,33,2023.0
1461,Sit describe.,Sci-Fi,124.92,293,2020.0
1462,Mission measure investment.,Romance,2869.93,290,2022.0
1463,Address husband hand.,Fiction ,577.46,15,2023.0
1464,Morning medical animal threat.,History,3090.2,122,2021.0
1465,Per charge success.,Romance,1928.45,417,2021.0
1466,Clear especially evidence.,Romance,4015.7,50,2021.0
1467,Skin morning.,Sci-Fi,2510.82,238,2018.0
1468,Air less.,Sci-Fi,466.01,162,2023.0
1469,Control per check.,NA,2277.46,416,2022.0
1470,Important none.,Romance,2665.16,368,2035.0
1471,Organization here story.,NA,2129.64,-19,2019.0
1472,Life face music.,Sci-Fi,3888.87,374,2021.0
1473,Continue walk bring.,History,1536.6,393,2019.0
1474,Fire machine PM hair.,Fiction ,4955.26,343,2021.0
1475,Effort enjoy.,Fiction ,833.13,233,2035.0
1476,Blue book.,Sci-Fi,2155.39,-13,2019.0
1477,Heavy various identify.,NA,1023.63,335,2023.0
1478,Experience him.,Sci-Fi,2772.09,335,2018.0
1479,Blood middle none.,Romance,4235.53,381,2020.0
1480,Choice case.,NA,417.8,333,2018.0
1481,Act key.,Fiction ,219.21,4,2023.0
1482,Hour operation until.,Sci-Fi,1436.18,239,2020.0
1483,Notice attack story.,NA,846.97,174,2021.0
1484,Issue store item shoulder.,Sci-Fi,3211.03,147,2018.0
1485,Food notice.,NA,3507.78,92,2022.0
1486,Second.,Sci-Fi,4799.45,82,2019.0
1487,Create where base.,History,2466.28,153,2035.0
1488,Free book manager expert.,Fiction ,2987.36,196,2019.0
1489,Save ready.,Fiction,4905.17,468,2022.0
1490,Area herself yourself.,Fiction,3493.28,11,2020.0
1491,Investment southern under.,NA,4319.64,288,2023.0
1492,Situation our suddenly.,NA,258.72,39,2018.0
1493,Sense result.,Sci-Fi,4276.65,66,2018.0
1494,Recent leave.,Romance,638.49,41,2022.0
1495,Plant meet.,Fiction ,898.58,273,2023.0
1496,Name.,History,4095.28,350,2021.0
1497,Program discussion.,Sci-Fi,3746.92,80,2021.0
1498,Mind each.,NA,2882.38,376,2022.0
1499,Well parent.,Romance,1241.99,57,2021.0
1500,Particular serve big.,NA,4984.99,144,2022.0
1501,Hotel interesting time.,Fiction ,3802.8,178,2035.0
1502,Fund phone loss.,Romance,4119.3,10,2023.0
1503,Sound.,Fiction ,2931.9,271,2018.0
1504,Material.,Fiction,3008.82,267,2035.0
1505,Wonder my.,NA,1009.49,409,2020.0
1506,Should item.,History,361.67,433,2035.0
1507,Soldier phone itself.,Fiction ,1449.72,436,2021.0
1508,Because some.,Sci-Fi,-64.11,375,2019.0
1509,Great whatever.,Sci-Fi,4577.74,161,2023.0
1510,Staff would.,NA,4873.74,348,2020.0
1511,Its energy say.,Fiction ,3270.38,320,2018.0
1512,Face power benefit.,NA,701.72,290,2018.0
1513,Since into common.,NA,4328.26,350,2020.0
1514,Water rise court.,History,4855.96,417,2023.0
1515,Card series.,Sci-Fi,2320.42,23,2019.0
1516,Later nation.,Fiction ,3737.64,198,2020.0
1517,Growth course cut.,Romance,133.13,290,2022.0
1518,Cause this.,NA,-4.03,155,2023.0
1519,Whole dark.,Romance,4811.95,409,2021.0
1520,Agency vote.,Sci-Fi,254.19,316,2022.0
1521,No green speak.,Fiction ,1651.35,6,2022.0
1522,Lead show.,NA,4537.54,344,2035.0
1523,Dream on within.,History,815.3,281,2023.0
1524,On whole mean.,History,4377.45,195,2020.0
1525,Until deep phone.,NA,560.04,233,2022.0
1526,Official.,Sci-Fi,337.17,439,2021.0
1527,Read apply.,NA,1095.93,-11,2021.0
1528,Action call.,Romance,1831.06,7,2023.0
1529,Best out.,Fiction ,1113.39,249,2022.0
1530,Book city message.,Fiction,4887.43,124,2035.0
1531,Decision.,Sci-Fi,2121.73,454,2022.0
1532,Mother mouth both.,Fiction,3317.21,384,2021.0
1533,Maintain.,History,4944.02,53,2020.0
1534,Now sign.,History,2768.31,333,2019.0
1535,Finish peace office.,Romance,4645.49,80,2018.0
1536,Outside which.,Fiction ,1434.7,201,2021.0
1537,Computer authority manager.,Sci-Fi,645.67,82,2021.0
1538,Week blood.,Sci-Fi,4286.16,234,2019.0
1539,Later human.,Romance,2114.69,154,2021.0
1540,Pull.,History,3568.14,334,2035.0
1541,Just recently unit vote.,Sci-Fi,4723.82,165,2035.0
1542,Relate stage.,Fiction ,863.05,181,2019.0
1543,Various enjoy loss.,NA,872.63,111,2018.0
1544,Development matter market care.,Sci-Fi,592.67,396,2023.0
1545,Cut if.,Fiction ,4720.5,116,2021.0
1546,Heavy direction yard.,Fiction ,3224.23,185,2023.0
1547,Also as member.,NA,4996.14,262,2023.0
1548,Whom relationship.,Romance,1373.73,490,2035.0
1549,Course explain.,Sci-Fi,2050.02,45,2020.0
1550,Participant receive so.,Fiction ,2692.91,409,2023.0
1551,Good decade.,NA,3839.67,71,2021.0
1552,Almost window.,Fiction,2079.92,369,2021.0
1553,State politics.,NA,405.13,8,2021.0
1554,Mission even share west.,History,2012.89,305,2022.0
1555,Continue city party.,Fiction,3203.4,222,2023.0
1556,Fact such fast.,NA,834.55,257,2018.0
1557,Rise chair.,NA,1621.71,143,2035.0
1558,Style indicate house.,NA,1505.73,3,2023.0
1559,Up anyone.,NA,3484.78,475,2023.0
1560,Throughout fall.,NA,4837.92,483,2020.0
1561,Resource five responsibility.,NA,2766.69,109,2021.0
1562,Maybe wonder.,History,4242.76,457,2018.0
1563,Mean population.,Romance,2814.71,293,2022.0
1564,Director east address.,NA,3659.71,203,2018.0
1565,Focus especially project.,History,-4.46,215,2021.0
1566,Actually visit development.,History,4864.16,112,2022.0
1567,Point realize.,Fiction,4707.48,486,2018.0
1568,Understand talk rule.,NA,1437.89,277,2019.0
1569,Near not employee.,NA,837.5,300,2020.0
1570,Develop another husband eat.,History,2040.89,335,2020.0
1571,Share begin until.,History,948.56,167,2035.0
1572,Government.,Fiction ,3076.11,166,2018.0
1573,Compare their who.,Fiction ,2233.43,160,2018.0
1574,Ever mean.,Fiction,1406.85,376,2019.0
1575,Available go.,Fiction ,1274.16,209,2018.0
1576,Everybody service.,Fiction,1591.34,247,2022.0
1577,Ball suddenly.,Sci-Fi,4925.49,318,2019.0
1578,Race way prepare.,Sci-Fi,3324.18,358,2021.0
1579,Someone wide.,History,4772.05,436,2019.0
1580,Budget hundred be.,History,302.45,451,2021.0
1581,Billion can.,NA,4296.22,218,2023.0
1582,Popular national.,History,283.82,464,2018.0
1583,Discuss push argue.,Sci-Fi,2701.01,37,2021.0
1584,Through develop represent.,Sci-Fi,1485.91,218,2021.0
1585,Ok.,Sci-Fi,481.57,58,2023.0
1586,Throw husband.,Fiction ,2151.85,152,2035.0
1587,Low score mother.,Sci-Fi,3069.66,124,2021.0
1588,Trade.,Fiction,1573.21,133,2020.0
1589,American medical federal.,History,4631.27,132,2021.0
1590,Task threat impact.,Fiction ,337.12,119,2021.0
1591,Best quite.,Sci-Fi,1463.03,205,2023.0
1592,Stay activity.,History,2936.89,102,2020.0
1593,Again tough in measure.,Sci-Fi,3368.11,392,2018.0
1594,Article none none.,Sci-Fi,809.16,262,2022.0
1595,Term provide sure site.,NA,1440.4,-20,2023.0
1596,Husband seven.,Sci-Fi,3870.09,99,2020.0
1597,Third behind we approach.,History,2772.02,334,2023.0
1598,Someone site.,Fiction ,947.41,471,2020.0
1599,Site.,NA,3101.61,378,2022.0
1600,Far son usually.,History,4217.27,276,2018.0
1601,Cup seven message.,Romance,2009.44,179,2018.0
1602,American chair say small.,Sci-Fi,713.77,135,2022.0
1603,Authority anything interview.,History,4970.85,162,2021.0
1604,Model.,History,1891.81,324,2018.0
1605,Season however become.,Romance,4335.59,151,2021.0
1606,Assume Mr treat.,Romance,2493.01,120,2021.0
1607,East.,NA,4947.45,301,2022.0
1608,Hand Mr guess.,Romance,4507.69,486,2019.0
1609,Lose evidence.,NA,2762.59,499,2022.0
1610,Necessary father.,Sci-Fi,970.59,425,2020.0
1611,State similar peace.,Fiction,4861.42,62,2035.0
1612,Share.,Fiction,2511.02,81,2023.0
1613,Affect energy ready probably.,NA,867.0,311,2020.0
1614,Building show.,Sci-Fi,100.95,74,2018.0
1615,Hour safe source.,Sci-Fi,3817.64,188,2020.0
1616,Painting.,NA,2179.58,105,2021.0
1617,Sure.,Romance,4423.06,-5,2018.0
1618,Evening green computer.,History,2704.94,490,2019.0
1619,History bad.,Sci-Fi,2777.78,95,2018.0
1620,Number.,NA,1377.41,97,2021.0
1621,Wish.,NA,3115.22,334,2035.0
1622,Into behind.,Sci-Fi,144.52,82,2020.0
1623,Under American west.,NA,1904.85,321,2021.0
1624,Special create.,Sci-Fi,4543.81,481,2022.0
1625,Like catch measure.,NA,2384.94,451,2019.0
1626,Though political agree.,NA,4367.65,477,2022.0
1627,Kind blue.,Sci-Fi,2146.09,197,2020.0
1628,Read but wish.,Sci-Fi,2828.19,254,2021.0
1629,Deal gas how.,Fiction ,1815.76,162,2018.0
1630,Big part page.,Sci-Fi,1218.11,277,2018.0
1631,Half environmental.,Fiction,3068.21,326,2022.0
1632,Station local whatever high.,Romance,3570.79,496,2023.0
1633,System clear.,NA,2813.92,186,2019.0
1634,Face.,Romance,2206.66,451,2022.0
1635,Charge agent work figure.,Fiction ,3550.64,429,2022.0
1636,Threat news ten.,Fiction ,3439.57,148,2035.0
1637,This partner.,Fiction,4575.65,-9,2021.0
1638,Top strong vote.,Fiction,3235.07,-9,2021.0
1639,Force us and.,NA,42.46,320,2022.0
1640,Green wish.,Fiction,4441.12,194,2022.0
1641,Right.,Sci-Fi,1791.3,77,2035.0
1642,Because where reach.,NA,4545.9,-5,2018.0
1643,View lawyer.,Fiction,4063.94,110,2020.0
1644,Drug central.,Fiction,291.64,297,2021.0
1645,Soldier away.,NA,4949.64,319,2022.0
1646,High our.,Fiction ,4806.59,103,2022.0
1647,Garden main.,NA,957.01,283,2021.0
1648,West out occur.,Fiction ,4946.88,75,2035.0
1649,Green.,Sci-Fi,4926.19,498,2020.0
1650,Response product high.,NA,95.19,302,2021.0
1651,Certainly firm seat.,Fiction,4536.63,456,2019.0
1652,Plant last risk.,Sci-Fi,1585.02,287,2021.0
1653,Cell stand.,Sci-Fi,2647.91,232,2021.0
1654,Way break.,Sci-Fi,3631.52,307,2022.0
1655,Tough short.,NA,4443.58,37,2018.0
1656,These power.,Romance,1172.81,60,2020.0
1657,Everyone fight.,Sci-Fi,4231.55,449,2035.0
1658,Throw interest.,Sci-Fi,3812.32,44,2019.0
1659,Rich husband.,NA,4468.87,230,2020.0
1660,Drive full.,History,4009.62,10,2023.0
1661,Else give move.,Romance,4260.04,40,2021.0
1662,Without begin student.,NA,1862.18,317,2035.0
1663,Popular movie.,Romance,984.48,273,2022.0
1664,My interesting degree.,NA,969.24,75,2023.0
1665,Glass free professor.,Sci-Fi,2453.21,382,2021.0
1666,Writer because.,NA,430.59,333,2035.0
1667,Fire draw.,Romance,-46.3,148,2021.0
1668,Focus computer federal.,History,4226.63,137,2022.0
1669,Fine sell power capital.,Sci-Fi,123.09,477,2022.0
1670,Total population scientist.,Fiction ,474.41,5,2018.0
1671,According general.,Sci-Fi,1831.26,354,2022.0
1672,Despite center entire.,Fiction,229.5,402,2021.0
1673,Player head.,Fiction,192.04,157,2019.0
1674,Building authority pull.,Sci-Fi,1660.95,279,2019.0
1675,Opportunity reason.,Romance,4567.21,467,2022.0
1676,Author big arm.,Sci-Fi,4543.59,150,2022.0
1677,Foreign medical.,Fiction ,1940.14,350,2021.0
1678,Believe yard.,Fiction,1799.23,254,2020.0
1679,Although whether.,Sci-Fi,182.64,69,2022.0
1680,Turn too.,NA,3702.67,-12,2023.0
1681,Join raise.,Fiction ,721.19,5,2022.0
1682,Actually visit Mr.,Fiction ,3657.02,369,2021.0
1683,Wrong discuss.,Romance,3569.79,126,2020.0
1684,Staff but represent.,Sci-Fi,615.08,276,2020.0
1685,School even.,Romance,704.93,301,2021.0
1686,Stop wonder crime.,Fiction,4576.54,360,2020.0
1687,Magazine part.,NA,1875.81,334,2021.0
1688,Key no.,Sci-Fi,343.59,394,2035.0
1689,Gas couple.,Romance,1884.19,439,2019.0
1690,Contain certainly physical.,Sci-Fi,4789.03,8,2018.0
1691,Group likely.,NA,4773.46,423,2035.0
1692,Stage.,Sci-Fi,3491.59,6,2018.0
1693,Sport executive.,Romance,4836.24,20,2023.0
1694,Fine fine receive.,Romance,1725.13,342,2022.0
1695,Manager continue term.,Fiction ,1679.9,450,2018.0
1696,Owner.,Romance,2959.24,123,2018.0
1697,Level too might.,History,177.66,467,2018.0
1698,Thought behind.,Romance,1619.44,303,2020.0
1699,Interest.,Sci-Fi,4115.14,266,2020.0
1700,Follow his.,History,818.8,488,2021.0
1701,Across it music.,Fiction ,3648.14,1,2019.0
1702,Reality per animal.,Fiction,997.41,93,2019.0
74,Garden cost speech.,Fiction,3817.24,472,2022.0
1704,Officer.,NA,2256.15,255,2021.0
1705,Glass network.,History,2456.96,301,2021.0
1706,Sing animal.,Romance,1142.56,195,2020.0
1707,Detail color role.,Romance,2427.69,329,2022.0
1708,Language those.,History,1590.04,200,2023.0
1709,Drop rather.,Fiction,164.16,499,2021.0
1710,Girl yes.,Sci-Fi,943.24,197,2023.0
1711,Poor network no.,Fiction ,129.2,117,2020.0
1712,Situation manage go mind.,NA,3039.05,332,2022.0
1713,Identify live.,History,2392.23,-16,2035.0
1714,Me physical letter.,Fiction,4543.57,143,2035.0
1715,Majority pretty brother blood.,Sci-Fi,661.85,403,2021.0
1716,Can still defense.,NA,600.89,250,2021.0
1717,This light method rich.,Sci-Fi,1179.19,307,2021.0
1718,Charge education he.,History,2246.74,45,2020.0
1719,Executive mission.,Romance,4311.52,52,2022.0
1720,And pull somebody.,Sci-Fi,4170.44,200,2035.0
1721,Maybe ground relate.,Sci-Fi,2499.04,500,2035.0
1722,Question would your.,NA,2791.78,-19,2023.0
1723,Issue standard require detail.,Sci-Fi,740.41,403,2021.0
1724,Everything world right season.,Fiction ,4125.28,64,2021.0
1725,Impact onto rest.,Romance,3042.5,500,2023.0
1726,Member plan.,History,3689.4,296,2035.0
1727,Laugh truth heavy.,Sci-Fi,3666.22,178,2021.0
1728,Account woman society.,Sci-Fi,4935.76,487,2021.0
1729,Area.,Fiction ,4320.68,371,2021.0
1730,Film fly.,Fiction ,1500.71,111,2021.0
1731,On language.,Romance,1621.16,438,2023.0
1732,Half approach.,History,-23.74,134,2018.0
1733,Before by second.,History,2866.82,421,2020.0
1734,Girl charge several international.,Sci-Fi,47.82,379,2021.0
1735,Success kid.,NA,2517.13,394,2022.0
1736,Decade age.,Romance,1506.26,39,2022.0
1737,Upon create start.,NA,3011.35,364,2021.0
1738,Inside ground try.,NA,3894.51,149,2023.0
1739,Election about.,Fiction ,574.37,421,2035.0
1740,Control voice.,History,4585.31,234,2019.0
1741,Its life.,Fiction,790.49,151,2035.0
1742,Information property.,NA,1086.26,356,2035.0
1743,Seat management address.,History,3972.23,36,2021.0
1744,Seven soon score.,Sci-Fi,352.25,353,2035.0
1745,Only.,Fiction ,-29.89,141,2018.0
1746,Physical couple best.,Sci-Fi,-65.08,89,2018.0
1747,Return heart decision.,History,667.69,316,2018.0
1748,Could such room.,Romance,3734.01,22,2021.0
1749,Conference little me.,Fiction ,4150.56,343,2019.0
1750,About federal explain.,Fiction ,2302.14,387,2018.0
1751,Measure study.,NA,3400.96,222,2021.0
1752,Today become office.,NA,3974.84,328,2035.0
1753,Range fear foreign.,Romance,3902.07,215,2019.0
1754,Gun institution.,NA,3699.22,155,2021.0
1755,Six society most.,NA,4443.85,136,2035.0
1756,Instead leg.,Sci-Fi,742.62,273,2021.0
1757,Now beyond most.,NA,3117.17,500,2020.0
1758,Long production.,NA,4653.14,491,2022.0
1759,Although whatever.,History,4319.68,406,2023.0
1760,West big.,Fiction,864.72,351,2018.0
1761,Year among grow.,Fiction,2895.32,204,2020.0
1762,Fund popular.,Sci-Fi,4549.79,24,2020.0
1763,Almost per.,NA,1490.16,360,2021.0
1764,Painting point firm work.,History,4273.74,315,2021.0
1765,Call successful.,Fiction,46.32,450,2035.0
1766,Keep property.,Romance,4921.78,207,2022.0
1767,Whether real.,Sci-Fi,4200.78,119,2022.0
1768,Government growth.,NA,3526.37,233,2023.0
1769,Sign hand letter.,Fiction,134.06,451,2022.0
1770,Need religious.,NA,2874.21,96,2022.0
1771,Region reach network.,Fiction,2204.48,244,2023.0
1772,Brother adult.,Romance,4493.69,460,2023.0
1773,Himself build.,Sci-Fi,1069.1,83,2022.0
1774,Dream to.,History,634.86,422,2035.0
1775,Yard else.,NA,3624.53,230,2022.0
1776,Present throw institution interest.,History,1473.2,88,2021.0
1777,Yeah cut.,NA,4836.82,422,2022.0
1778,Move cold how.,History,2313.0,90,2022.0
1779,Light.,Sci-Fi,291.56,180,2018.0
1780,Price easy anything.,Romance,2372.22,119,2022.0
1781,Yourself newspaper young.,Sci-Fi,4520.02,382,2020.0
1782,Two lay like.,Sci-Fi,1340.01,-12,2023.0
1783,Listen those group.,Sci-Fi,2603.12,217,2019.0
1784,Push career small our.,Fiction ,1781.0,407,2019.0
1785,Impact contain.,History,4511.19,122,2021.0
1786,Couple series.,History,4507.31,20,2018.0
1787,Receive child.,NA,3461.33,-18,2021.0
1788,Her executive message.,History,2537.44,425,2019.0
1789,Left information.,Sci-Fi,2821.82,191,2021.0
1790,Position state.,Sci-Fi,430.13,296,2020.0
1791,Daughter.,History,121.99,295,2023.0
1792,Drug government.,NA,3274.33,319,2021.0
1793,Everyone make.,Fiction ,1070.12,402,2019.0
1794,Would wall.,Sci-Fi,4668.79,92,2023.0
1795,May identify early.,Fiction,1040.97,329,2018.0
1796,Fine agent majority.,History,81.49,385,2023.0
1797,Sit step effect.,NA,2312.62,145,2018.0
1798,Old.,Romance,2925.8,366,2035.0
1799,Identify stop.,Sci-Fi,4914.71,163,2022.0
1800,Find save course.,Sci-Fi,1716.57,101,2021.0
1801,Painting meeting.,Sci-Fi,722.44,411,2020.0
1802,Nature cold.,Fiction,-38.05,181,2023.0
1803,Wait executive.,Romance,3879.41,444,2020.0
38,Full ago.,Romance,1808.85,408,2021.0
1805,Personal product consumer.,Romance,639.71,12,2020.0
1806,Rise bed.,Sci-Fi,4219.61,499,2020.0
1807,My government set.,Fiction ,1272.46,383,2019.0
1808,Various course live.,History,307.52,225,2018.0
1809,Clearly home attention.,Fiction ,4783.76,407,2018.0
1810,Away social.,Sci-Fi,86.2,374,2035.0
1811,Away age.,Fiction,916.37,39,2021.0
1812,Remember.,NA,4668.84,430,2022.0
1813,Still dark.,History,392.32,-7,2021.0
1814,Message travel.,History,2667.02,123,2023.0
1815,Material wall.,Fiction,3358.82,317,2022.0
1816,Then west.,Romance,1502.22,325,2018.0
1817,Involve spend turn.,Fiction,2683.9,61,2021.0
1818,Hope much.,Romance,3127.6,-20,2022.0
1819,Site lose good.,Romance,1103.0,31,2035.0
1820,Information always when.,Fiction ,3070.03,127,2019.0
1821,Move sound.,Romance,4407.87,406,2022.0
1822,Report order.,Fiction,1254.28,206,2021.0
1823,Personal trial type.,Fiction,1302.97,375,2020.0
1824,Senior natural might threat.,History,4281.81,245,2021.0
1825,Everybody course right.,Romance,1485.14,432,2021.0
1826,According word fact.,Sci-Fi,2649.67,222,2021.0
1827,Upon smile road.,History,4035.44,12,2022.0
1828,Writer surface.,Sci-Fi,2554.05,229,2023.0
1829,Cold newspaper force campaign.,Sci-Fi,3874.74,272,2021.0
1830,Executive.,Fiction,4946.64,157,2023.0
1831,Maintain have adult.,History,4371.19,192,2022.0
1832,Since air.,Fiction,3325.09,290,2019.0
1833,Rule at do.,Sci-Fi,3039.01,500,2022.0
1834,Eat defense.,Sci-Fi,1962.88,57,2021.0
1835,To.,Fiction ,-65.67,476,2021.0
1836,A remember.,NA,3367.78,243,2019.0
1837,Community political later.,Sci-Fi,1003.73,256,2023.0
1838,Story collection fact.,Sci-Fi,4285.48,191,2035.0
1839,Arm institution reality.,NA,1886.56,109,2022.0
1840,Wind glass number.,History,4383.93,2,2021.0
1841,Left my.,Fiction ,4281.86,178,2019.0
1842,Picture ground.,Fiction,2119.36,98,2018.0
1843,Perform couple feel.,History,1094.84,245,2019.0
1844,Care plant leader.,NA,3761.49,152,2022.0
1845,First if.,History,559.86,-12,2021.0
1846,Year necessary scientist government.,NA,1598.22,294,2021.0
1847,Card collection.,Sci-Fi,2302.92,333,2018.0
1848,Girl production.,Sci-Fi,542.84,281,2022.0
1849,Full.,Romance,1641.24,321,2023.0
1850,Suggest hit.,Romance,492.85,255,2019.0
1851,Just above build.,Sci-Fi,3160.34,105,2020.0
1852,Method impact employee.,Romance,143.91,285,2020.0
1853,They.,Sci-Fi,4209.32,169,2023.0
1854,Seem order leg.,Romance,4969.13,321,2018.0
1855,Even worry.,History,2155.62,88,2022.0
1856,Almost everyone.,Sci-Fi,2447.06,325,2021.0
1857,Rock major turn.,History,3172.5,161,2018.0
1858,He thing toward.,Fiction ,3125.69,442,2021.0
1859,Eight write.,Romance,602.6,169,2023.0
1860,Growth of.,History,3016.07,227,2022.0
1861,Board.,Sci-Fi,2070.21,98,2022.0
1862,Local talk.,NA,4186.12,439,2021.0
1863,Magazine.,NA,4028.63,123,2023.0
1864,Mean special face.,Romance,431.75,172,2019.0
1865,Style decide.,Sci-Fi,2793.88,-20,2023.0
1866,Light picture.,NA,3878.92,252,2021.0
1867,Suddenly appear.,History,778.86,31,2018.0
1868,Place discussion.,NA,1805.15,354,2022.0
1869,Smile property.,Sci-Fi,3391.78,237,2023.0
1870,Must western.,History,4779.22,367,2023.0
1871,Price study take.,Sci-Fi,856.63,242,2020.0
1872,Student around social health.,Sci-Fi,2809.36,248,2020.0
1873,Indicate customer.,Sci-Fi,4826.85,267,2035.0
1874,Here memory my.,Sci-Fi,1621.47,68,2023.0
1875,Story such ready.,NA,1589.88,436,2035.0
1876,Rest executive TV.,Fiction ,3562.34,251,2023.0
1877,Anyone subject eight authority.,Romance,4102.11,234,2019.0
1878,Simple quite.,Romance,406.46,130,2020.0
1879,Worker my as.,NA,2421.3,468,2018.0
1880,May art eat.,NA,3069.41,281,2021.0
1881,Catch begin.,Romance,220.49,348,2020.0
1882,Foot general our.,NA,3462.18,65,2022.0
1883,Fill among remain.,Romance,3836.55,395,2035.0
1884,Bed response sister.,Sci-Fi,72.23,82,2021.0
1885,Various current happy data.,Fiction,1282.04,324,2019.0
1886,Relationship.,Romance,938.59,62,2021.0
1887,Around myself across both.,History,2572.55,-3,2022.0
1888,Significant very center fear.,Romance,2593.69,11,2035.0
1889,Design Mrs our.,Sci-Fi,4010.1,95,2018.0
1890,Glass edge.,NA,3989.14,35,2022.0
1891,Newspaper.,NA,921.09,436,2023.0
1892,Truth major.,NA,1557.43,217,2035.0
1893,Per moment entire.,Fiction,3730.67,48,2035.0
1894,This rate see.,Sci-Fi,431.87,55,2019.0
1895,Seven guy father.,Romance,3339.99,41,2021.0
1896,Ever carry.,NA,2457.53,478,2020.0
1897,Education simply.,Fiction ,146.19,274,2035.0
1898,Fear challenge include significant.,Romance,1666.32,137,2035.0
1899,Box parent give.,History,3274.46,320,2022.0
1900,Each south class.,NA,3803.69,498,2022.0
1901,Everything today.,NA,1648.35,-12,2020.0
1902,During pull.,History,3405.39,90,2023.0
1903,Note capital their.,Sci-Fi,1723.73,94,2023.0
1904,Debate any all.,Fiction,1514.58,281,2035.0
1905,International high.,NA,1274.74,280,2020.0
1906,Difficult station.,NA,3974.95,179,2023.0
1907,Win painting sit.,Sci-Fi,1464.06,191,2022.0
1908,Heart week.,Fiction,262.75,341,2020.0
1909,Be national especially.,Romance,2120.7,341,2035.0
1910,Available PM.,NA,554.58,243,2019.0
1911,Turn staff authority.,NA,1584.72,333,2021.0
1912,Hard.,Sci-Fi,3800.17,426,2021.0
1913,Leg learn.,Romance,1210.71,216,2023.0
1914,Many consider.,Fiction ,2498.31,163,2035.0
1915,Role use wear.,NA,4943.15,455,2023.0
1916,Consumer western nearly.,Sci-Fi,4762.99,374,2020.0
1917,Letter concern project.,History,3154.13,135,2021.0
1918,Pretty style.,Sci-Fi,2647.66,223,2021.0
1919,Mother ahead.,Romance,768.33,484,2022.0
1920,Nearly situation must.,NA,2360.11,195,2023.0
1921,Practice question.,NA,4664.09,208,2020.0
1922,Stop research should.,Romance,4382.61,350,2018.0
1923,Lay pass quickly.,Fiction,1565.74,359,2020.0
1924,Throw old.,History,4652.27,403,2021.0
1925,Hear or stock century.,Fiction,3446.71,170,2022.0
1926,Challenge.,Fiction,3892.49,204,2019.0
1927,Word do.,Sci-Fi,3084.14,229,2018.0
1928,Push safe result.,Romance,1140.41,364,2019.0
1929,High network difference edge.,Fiction,2236.34,494,2021.0
1930,Herself tough.,Sci-Fi,4913.39,157,2019.0
1931,Ready only.,Sci-Fi,4339.96,123,2021.0
1932,Write level executive.,NA,2369.16,133,2020.0
1933,Power area game.,Romance,2169.2,390,2022.0
1934,Attention worry newspaper.,NA,3129.47,241,2018.0
87,Kid reason stock.,Romance,4502.43,81,2035.0
1936,Assume story.,Sci-Fi,959.19,63,2021.0
1937,Or hour.,Sci-Fi,1285.98,238,2020.0
1938,Name your.,NA,206.64,378,2035.0
1939,Expert stand.,Fiction ,596.22,118,2022.0
1940,Catch act.,Fiction,1179.58,197,2023.0
1941,Large appear.,NA,3562.24,463,2021.0
1942,Agent decision under.,Sci-Fi,1737.49,442,2019.0
1943,Form who.,History,2227.28,-1,2021.0
1944,Book group.,Fiction,4368.42,121,2035.0
1945,Around throughout use.,NA,3920.48,255,2021.0
1946,Girl sound nice.,NA,3756.59,424,2021.0
1947,Enjoy side it.,History,779.6,82,2018.0
1948,Account analysis.,Romance,1193.89,298,2021.0
1949,Onto agent religious.,Fiction,3443.4,44,2023.0
1950,Bit set according.,Sci-Fi,2708.39,480,2023.0
1951,Chance cut movement.,Fiction,1319.22,32,2020.0
1952,Bar nature.,Sci-Fi,450.86,462,2035.0
1953,Anything although pick.,NA,-91.55,113,2023.0
1954,International pay.,NA,4816.1,196,2023.0
1955,Else factor myself change.,Fiction ,649.56,272,2022.0
1956,What season.,History,3934.47,130,2022.0
1957,Most strategy.,Fiction ,2231.78,93,2021.0
1958,Area whose cultural.,Sci-Fi,868.81,289,2023.0
1959,Station little more.,Sci-Fi,34.1,378,2035.0
1960,Attorney our yet.,Fiction,2791.7,279,2022.0
1961,Staff who nation view.,NA,4729.04,339,2018.0
1962,Boy eye Mr dinner.,Sci-Fi,2294.69,343,2019.0
1963,Clear beat.,Fiction ,2393.6,62,2021.0
1964,Street guess.,Romance,2568.25,496,2020.0
1965,Event state.,NA,4527.19,122,2023.0
1966,Test miss lawyer.,NA,770.52,271,2021.0
1967,Less four.,NA,953.8,430,2021.0
1968,Million similar fish.,Sci-Fi,3361.96,275,2021.0
1969,Shake watch.,Romance,2991.14,326,2019.0
1970,Few respond.,History,3784.69,127,2020.0
1971,Former her.,Romance,3523.95,322,2022.0
1972,Outside above.,Sci-Fi,3386.97,246,2020.0
1973,Public.,History,3652.24,49,2020.0
1974,More test.,Fiction ,3575.69,171,2022.0
1975,Throw television itself.,Sci-Fi,728.6,168,2035.0
1976,Machine wall.,History,4041.75,205,2035.0
1977,Party.,Sci-Fi,2531.7,-4,2019.0
1978,Both feeling.,History,3008.04,403,2035.0
1979,Fine for without.,NA,1556.02,451,2020.0
1980,Ready road.,History,1912.39,258,2021.0
1981,Product wonder.,History,4540.93,354,2021.0
1982,Parent I go.,Romance,1696.91,129,2023.0
1983,Collection should property.,NA,1564.4,86,2020.0
1984,Cause official our.,Fiction ,136.48,23,2021.0
1985,Pretty watch.,Sci-Fi,4973.05,301,2021.0
1986,Thousand anything.,History,-34.17,42,2020.0
1987,City require none.,NA,2122.49,464,2035.0
1988,Reflect alone.,Fiction,190.23,131,2022.0
1989,Which however area.,Sci-Fi,2597.88,-20,2018.0
1990,Blue bad.,NA,4941.98,-1,2022.0
1991,Arm century bad anything.,NA,1991.25,246,2019.0
1992,Soon minute.,Sci-Fi,4551.48,278,2021.0
1993,Capital example.,Romance,1112.88,228,2023.0
1994,Business generation above.,NA,460.67,273,2035.0
1995,Again.,NA,460.14,231,2019.0
1996,Material shake little.,History,2575.31,451,2021.0
1997,Traditional war would speak.,Fiction ,4358.87,481,2023.0
1998,Guess try technology concern.,Sci-Fi,1279.43,474,2020.0
1999,Management magazine how.,Sci-Fi,1409.83,183,2021.0
2000,Action speech campaign.,NA,857.38,267,2022.0
